,PATRIC genus-specific families (PLfams),Product,F5677,F63912,H27930,M1608,M55212,S86968,W36662,W60856
1025,PLF_286_00001117,hypothetical protein,fig|287.6612.peg.3306,fig|287.6618.peg.3338,fig|287.6617.peg.3167,,fig|287.6624.peg.4807,fig|287.6631.peg.3316,fig|287.6637.peg.2597,fig|287.6620.peg.3851
4106,PLF_286_00004901,Uncharacterized amino acid permease YtnA,fig|287.6612.peg.3253,fig|287.6618.peg.3284,fig|287.6617.peg.3115,,fig|287.6624.peg.4861,fig|287.6631.peg.3259,fig|287.6637.peg.2651,fig|287.6620.peg.3799
4109,PLF_286_00004904,Putative two-component sensor,fig|287.6612.peg.3343,fig|287.6618.peg.3376,fig|287.6617.peg.3205,,fig|287.6624.peg.4769,fig|287.6631.peg.3356,fig|287.6637.peg.2558,fig|287.6620.peg.3889
1552,PLF_286_00001796,Ku domain protein,fig|287.6612.peg.3171,fig|287.6618.peg.3208,fig|287.6617.peg.3034,,"fig|287.6624.peg.4941,fig|287.6624.peg.4942",fig|287.6631.peg.3186,fig|287.6637.peg.2725,fig|287.6620.peg.3727
4113,PLF_286_00004908,"Transcriptional regulator, LysR family",fig|287.6612.peg.3204,fig|287.6618.peg.3241,fig|287.6617.peg.3066,,fig|287.6624.peg.4908,fig|287.6631.peg.3218,fig|287.6637.peg.2693,fig|287.6620.peg.3759
23,PLF_286_00000029,Uncharacterized protein YmdF,"fig|287.6612.peg.3128,fig|287.6612.peg.3176","fig|287.6618.peg.3164,fig|287.6618.peg.3213",fig|287.6617.peg.3039,,"fig|287.6624.peg.4936,fig|287.6624.peg.4985,fig|287.6624.peg.5011",fig|287.6631.peg.3191,"fig|287.6637.peg.2720,fig|287.6637.peg.2768",fig|287.6620.peg.3732
2071,PLF_286_00002478,hypothetical protein,fig|287.6612.peg.983,fig|287.6618.peg.991,fig|287.6617.peg.1013,,fig|287.6624.peg.1048,fig|287.6631.peg.1025,fig|287.6637.peg.1099,fig|287.6620.peg.5492
1049,PLF_286_00001143,Na(+)-dependent branched-chain amino acid transporter,fig|287.6612.peg.3366,fig|287.6618.peg.3399,fig|287.6617.peg.3229,,fig|287.6624.peg.4747,fig|287.6631.peg.3381,fig|287.6637.peg.2535,fig|287.6620.peg.3912
4120,PLF_286_00004916,hypothetical protein,fig|287.6612.peg.3296,fig|287.6618.peg.3329,fig|287.6617.peg.3158,,fig|287.6624.peg.4817,fig|287.6631.peg.3303,fig|287.6637.peg.2607,fig|287.6620.peg.3842
3099,PLF_286_00003711,Malto-oligosyltrehalose trehalohydrolase (EC 3.2.1.141),fig|287.6612.peg.3157,fig|287.6618.peg.3194,fig|287.6617.peg.3020,,fig|287.6624.peg.4956,fig|287.6631.peg.3172,fig|287.6637.peg.2739,fig|287.6620.peg.3713
3616,PLF_286_00004328,Membrane protein insertion efficiency factor YidD,fig|287.6612.peg.3289,fig|287.6618.peg.3323,fig|287.6617.peg.3152,,fig|287.6624.peg.4824,fig|287.6631.peg.3296,fig|287.6637.peg.2614,fig|287.6620.peg.3836
1573,PLF_286_00001826,"Coenzyme F420-dependent N5,N10-methylene tetrahydromethanopterin reductase and related flavin-dependent oxidoreductases",,fig|287.6618.peg.2915,fig|287.6617.peg.2825,fig|287.6622.peg.3158,fig|287.6624.peg.5203,fig|287.6631.peg.3011,fig|287.6637.peg.2936,fig|287.6620.peg.3522
1574,PLF_286_00001828,Putative oxidoreductase,,fig|287.6618.peg.2924,fig|287.6617.peg.2834,fig|287.6622.peg.3149,fig|287.6624.peg.5194,fig|287.6631.peg.3020,fig|287.6637.peg.2927,fig|287.6620.peg.3531
4646,PLF_286_00005765,Coenzyme PQQ synthesis protein B,fig|287.6612.peg.3349,fig|287.6618.peg.3382,fig|287.6617.peg.3211,,fig|287.6624.peg.4763,fig|287.6631.peg.3362,fig|287.6637.peg.2552,fig|287.6620.peg.3895
5669,PLF_286_00208930,"Lipid A phosphoethanolamine transferase, putative",fig|287.6612.peg.3365,fig|287.6618.peg.3398,fig|287.6617.peg.3227,,fig|287.6624.peg.4748,fig|287.6631.peg.3380,fig|287.6637.peg.2536,fig|287.6620.peg.3911
42,PLF_286_00000052,Arsenic resistance protein ArsH,,fig|287.6618.peg.2962,fig|287.6617.peg.2873,fig|287.6622.peg.3112,"fig|287.6624.peg.1891,fig|287.6624.peg.2782,fig|287.6624.peg.5155,fig|287.6624.peg.5600","fig|287.6631.peg.2420,fig|287.6631.peg.3059",fig|287.6637.peg.2887,"fig|287.6620.peg.3212,fig|287.6620.peg.3572"
1066,PLF_286_00001162,Fumarylacetoacetase (EC 3.7.1.2),fig|287.6612.peg.3327,fig|287.6618.peg.3360,fig|287.6617.peg.3189,,fig|287.6624.peg.4785,fig|287.6631.peg.3340,fig|287.6637.peg.2575,fig|287.6620.peg.3873
1068,PLF_286_00001164,Succinyl-CoA:3-ketoacid-coenzyme A transferase subunit A (EC 2.8.3.5),fig|287.6612.peg.3336,fig|287.6618.peg.3369,fig|287.6617.peg.3198,,fig|287.6624.peg.4776,fig|287.6631.peg.3349,fig|287.6637.peg.2565,fig|287.6620.peg.3882
1579,PLF_286_00001834,T6SS component TssG (ImpH/VasB),fig|287.6612.peg.2913,fig|287.6618.peg.2869,fig|287.6617.peg.2778,fig|287.6622.peg.3200,fig|287.6624.peg.5249,fig|287.6631.peg.2966,,fig|287.6620.peg.3476
1071,PLF_286_00001167,"Homogentisate 1,2-dioxygenase (EC 1.13.11.5)",fig|287.6612.peg.3326,fig|287.6618.peg.3359,fig|287.6617.peg.3188,,fig|287.6624.peg.4786,fig|287.6631.peg.3339,fig|287.6637.peg.2576,fig|287.6620.peg.3872
3120,PLF_286_00003735,Sodium/bile acid symporter family,fig|287.6612.peg.3309,fig|287.6618.peg.3341,fig|287.6617.peg.3170,,fig|287.6624.peg.4804,fig|287.6631.peg.3319,fig|287.6637.peg.2594,fig|287.6620.peg.3854
4149,PLF_286_00004956,Inner membrane protein YbhQ,fig|287.6612.peg.3167,fig|287.6618.peg.3204,fig|287.6617.peg.3030,,fig|287.6624.peg.4946,fig|287.6631.peg.3182,fig|287.6637.peg.2729,fig|287.6620.peg.3723
55,PLF_286_00000070,Glutathione reductase (EC 1.8.1.7),fig|287.6612.peg.3310,fig|287.6618.peg.3342,fig|287.6617.peg.3171,,fig|287.6624.peg.4803,fig|287.6631.peg.3320,fig|287.6637.peg.2593,fig|287.6620.peg.3855
5178,PLF_286_00027157,"ABC-type amino acid transport/signal transduction system, periplasmic component/domain",,fig|287.6618.peg.471,fig|287.6617.peg.486,fig|287.6622.peg.548,fig|287.6624.peg.490,fig|287.6631.peg.491,fig|287.6637.peg.573,fig|287.6620.peg.487
59,PLF_286_00000074,UTP--glucose-1-phosphate uridylyltransferase (EC 2.7.7.9),fig|287.6612.peg.3312,fig|287.6618.peg.3344,fig|287.6617.peg.3173,,fig|287.6624.peg.4801,fig|287.6631.peg.3322,fig|287.6637.peg.2591,fig|287.6620.peg.3857
1084,PLF_286_00001185,Succinyl-CoA:3-ketoacid-coenzyme A transferase subunit B (EC 2.8.3.5),fig|287.6612.peg.3335,fig|287.6618.peg.3368,fig|287.6617.peg.3197,,fig|287.6624.peg.4777,fig|287.6631.peg.3348,fig|287.6637.peg.2566,fig|287.6620.peg.3881
4157,PLF_286_00004966,Uncharacterized SAM-binding protein YdcF,fig|287.6612.peg.3266,fig|287.6618.peg.3298,fig|287.6617.peg.3129,,fig|287.6624.peg.4848,fig|287.6631.peg.3273,fig|287.6637.peg.2637,fig|287.6620.peg.3813
4158,PLF_286_00004967,hypothetical protein,fig|287.6612.peg.2548,fig|287.6618.peg.2511,fig|287.6617.peg.2455,fig|287.6622.peg.3559,fig|287.6624.peg.2652,,fig|287.6637.peg.3454,fig|287.6620.peg.3030
5181,PLF_286_00028252,"Oxidoreductase, short-chain dehydrogenase/reductase family",fig|287.6612.peg.3182,fig|287.6618.peg.3219,fig|287.6617.peg.3045,,fig|287.6624.peg.4930,fig|287.6631.peg.3197,fig|287.6637.peg.2714,fig|287.6620.peg.3738
70,PLF_286_00000089,Coenzyme PQQ synthesis protein E,fig|287.6612.peg.3346,fig|287.6618.peg.3379,fig|287.6617.peg.3208,,fig|287.6624.peg.4766,fig|287.6631.peg.3359,fig|287.6637.peg.2555,fig|287.6620.peg.3892
5702,PLF_286_00231961,hypothetical protein,fig|287.6612.peg.3138,fig|287.6618.peg.3175,fig|287.6617.peg.3001,,"fig|287.6624.peg.4975,fig|287.6624.peg.5001",,fig|287.6637.peg.2758,fig|287.6620.peg.3694
4168,PLF_286_00004977,putative lipoprotein,fig|287.6612.peg.3368,fig|287.6618.peg.3401,fig|287.6617.peg.3231,,fig|287.6624.peg.4745,fig|287.6631.peg.3383,fig|287.6637.peg.2533,fig|287.6620.peg.3914
4169,PLF_286_00004979,"ABC transporter, ATP-binding protein",,fig|287.6618.peg.78,fig|287.6617.peg.79,fig|287.6622.peg.80,fig|287.6624.peg.95,fig|287.6631.peg.85,fig|287.6637.peg.139,fig|287.6620.peg.78
2122,PLF_286_00002544,"Pseudouridine synthase (EC 4.2.1.70), PA2043 type",fig|287.6612.peg.3292,fig|287.6618.peg.3325,fig|287.6617.peg.3154,,fig|287.6624.peg.4821,fig|287.6631.peg.3299,fig|287.6637.peg.2611,fig|287.6620.peg.3838
4170,PLF_286_00004980,"ABC transporter, permease protein (cluster 3, basic aa/glutamine/opines)",fig|287.6612.peg.3114,fig|287.6618.peg.3150,fig|287.6617.peg.2983,,"fig|287.6624.peg.4986,fig|287.6624.peg.5023",,fig|287.6637.peg.2782,fig|287.6620.peg.3676
2124,PLF_286_00002546,Putative ring-cleaving dioxygenase,fig|287.6612.peg.3311,fig|287.6618.peg.3343,fig|287.6617.peg.3172,,fig|287.6624.peg.4802,fig|287.6631.peg.3321,fig|287.6637.peg.2592,fig|287.6620.peg.3856
4683,PLF_286_00005865,Bis-ABC ATPase YbiT,fig|287.6612.peg.3374,fig|287.6618.peg.3407,fig|287.6617.peg.3237,,fig|287.6624.peg.4739,fig|287.6631.peg.3389,fig|287.6637.peg.2528,fig|287.6620.peg.3920
5705,PLF_286_00233473,Ribosomal protein S6 modification protein-related protein,fig|287.6612.peg.3396,fig|287.6618.peg.3429,fig|287.6617.peg.3258,,fig|287.6624.peg.4718,fig|287.6631.peg.3411,fig|287.6637.peg.2506,fig|287.6620.peg.3942
1103,PLF_286_00001208,Short-chain fatty acids transporter,fig|287.6612.peg.3333,fig|287.6618.peg.3366,fig|287.6617.peg.3195,,fig|287.6624.peg.4779,fig|287.6631.peg.3346,fig|287.6637.peg.2569,fig|287.6620.peg.3879
84,PLF_286_00000104,Undecaprenyl-diphosphatase (EC 3.6.1.27),fig|287.6612.peg.3379,fig|287.6618.peg.3412,fig|287.6617.peg.3242,,fig|287.6624.peg.4734,fig|287.6631.peg.3394,fig|287.6637.peg.2523,fig|287.6620.peg.3925
2133,PLF_286_00002561,"Cytochrome c550, associated with quino(hemo)protein alcohol dehydrogenase (EC 1.1.99.8)",fig|287.6612.peg.3352,fig|287.6618.peg.3386,fig|287.6617.peg.3215,,fig|287.6624.peg.4760,fig|287.6631.peg.3366,fig|287.6637.peg.2548,fig|287.6620.peg.3899
1110,PLF_286_00001216,Ribosylnicotinamide kinase (EC 2.7.1.22),fig|287.6612.peg.3382,fig|287.6618.peg.3415,fig|287.6617.peg.3245,,fig|287.6624.peg.4731,fig|287.6631.peg.3397,fig|287.6637.peg.2520,fig|287.6620.peg.3928
3157,PLF_286_00003775,Biotin carboxylase (EC 6.3.4.14),fig|287.6612.peg.3153,fig|287.6618.peg.3190,fig|287.6617.peg.3016,,fig|287.6624.peg.4960,fig|287.6631.peg.3168,fig|287.6637.peg.2743,fig|287.6620.peg.3709
5209,PLF_286_00032441,"Transcriptional regulator, LysR family",,fig|287.6618.peg.2925,fig|287.6617.peg.2835,fig|287.6622.peg.3148,fig|287.6624.peg.5193,fig|287.6631.peg.3021,fig|287.6637.peg.2926,fig|287.6620.peg.3532
90,PLF_286_00000112,Methylcrotonyl-CoA carboxylase carboxyl transferase subunit (EC 6.4.1.4),fig|287.6612.peg.3321,fig|287.6618.peg.3354,fig|287.6617.peg.3183,,fig|287.6624.peg.4791,fig|287.6631.peg.3334,fig|287.6637.peg.2581,fig|287.6620.peg.3867
4701,PLF_286_00005938,Glycogen phosphorylase (EC 2.4.1.1),fig|287.6612.peg.3179,fig|287.6618.peg.3216,fig|287.6617.peg.3042,,fig|287.6624.peg.4933,fig|287.6631.peg.3194,fig|287.6637.peg.2717,fig|287.6620.peg.3735
4191,PLF_286_00005008,Co-activator of prophage gene expression IbrB,fig|287.6612.peg.3201,fig|287.6618.peg.3238,fig|287.6617.peg.3063,,fig|287.6624.peg.4911,fig|287.6631.peg.3215,fig|287.6637.peg.2696,fig|287.6620.peg.3756
4195,PLF_286_00005013,Malto-oligosyltrehalose synthase (EC 5.4.99.15),fig|287.6612.peg.3159,fig|287.6618.peg.3196,fig|287.6617.peg.3022,,fig|287.6624.peg.4954,fig|287.6631.peg.3174,fig|287.6637.peg.2737,fig|287.6620.peg.3715
101,PLF_286_00000123,Isovaleryl-CoA dehydrogenase (EC 1.3.8.4),fig|287.6612.peg.3320,fig|287.6618.peg.3353,fig|287.6617.peg.3182,,fig|287.6624.peg.4792,fig|287.6631.peg.3333,fig|287.6637.peg.2582,fig|287.6620.peg.3866
5221,PLF_286_00035205,Coenzyme PQQ synthesis protein D,fig|287.6612.peg.3347,fig|287.6618.peg.3380,fig|287.6617.peg.3209,,fig|287.6624.peg.4765,fig|287.6631.peg.3360,fig|287.6637.peg.2554,fig|287.6620.peg.3893
4199,PLF_286_00005019,3-hydroxyisobutyrate dehydrogenase family protein,fig|287.6612.peg.3118,fig|287.6618.peg.3154,fig|287.6617.peg.2987,,"fig|287.6624.peg.4989,fig|287.6624.peg.5019",,fig|287.6637.peg.2778,fig|287.6620.peg.3680
4201,PLF_286_00005022,"Transcriptional regulator, AraC family",,fig|287.6618.peg.2961,fig|287.6617.peg.2872,fig|287.6622.peg.3113,fig|287.6624.peg.5156,fig|287.6631.peg.3058,fig|287.6637.peg.2888,fig|287.6620.peg.3571
2666,PLF_286_00003200,probable membrane protein YPO3302,fig|287.6612.peg.2435,fig|287.6618.peg.2402,fig|287.6617.peg.2341,fig|287.6622.peg.3676,fig|287.6624.peg.2488,,fig|287.6637.peg.3596,fig|287.6620.peg.2919
1643,PLF_286_00001918,Chitinase (EC 3.2.1.14),,fig|287.6618.peg.2942,fig|287.6617.peg.2852,fig|287.6622.peg.3131,fig|287.6624.peg.5176,fig|287.6631.peg.3038,fig|287.6637.peg.2908,fig|287.6620.peg.3550
5228,PLF_286_00036995,Aldehyde dehydrogenase (EC 1.2.1.3),fig|287.6612.peg.3202,fig|287.6618.peg.3239,fig|287.6617.peg.3064,,fig|287.6624.peg.4910,fig|287.6631.peg.3216,fig|287.6637.peg.2695,fig|287.6620.peg.3757
1133,PLF_286_00001241,"Transcriptional regulator, AsnC family",fig|287.6612.peg.3307,fig|287.6618.peg.3339,fig|287.6617.peg.3168,,fig|287.6624.peg.4806,fig|287.6631.peg.3317,fig|287.6637.peg.2596,fig|287.6620.peg.3852
3181,PLF_286_00003800,Outer membrane porin,fig|287.6612.peg.3362,fig|287.6618.peg.3396,fig|287.6617.peg.3225,,fig|287.6624.peg.4750,fig|287.6631.peg.3377,fig|287.6637.peg.2538,fig|287.6620.peg.3909
1137,PLF_286_00001245,"Ribose ABC transporter, substrate-binding protein RbsB (TC 3.A.1.2.1)",fig|287.6612.peg.3393,fig|287.6618.peg.3426,fig|287.6617.peg.3256,,fig|287.6624.peg.4720,fig|287.6631.peg.3408,fig|287.6637.peg.2509,fig|287.6620.peg.3939
1649,PLF_286_00001925,"Transcriptional regulator, AcrR family",,fig|287.6618.peg.2972,fig|287.6617.peg.2883,fig|287.6622.peg.3102,fig|287.6624.peg.5145,fig|287.6631.peg.3069,fig|287.6637.peg.2877,fig|287.6620.peg.3583
4213,PLF_286_00005035,FIG00956671: hypothetical protein,fig|287.6612.peg.3257,fig|287.6618.peg.3289,fig|287.6617.peg.3120,,fig|287.6624.peg.4857,fig|287.6631.peg.3264,fig|287.6637.peg.2646,fig|287.6620.peg.3804
1654,PLF_286_00001931,Hydrogen cyanide synthase HcnC @ Opine oxidase subunit B,fig|287.6612.peg.3122,fig|287.6618.peg.3158,fig|287.6617.peg.2991,,"fig|287.6624.peg.4993,fig|287.6624.peg.5015",,fig|287.6637.peg.2774,fig|287.6620.peg.3684
2679,PLF_286_00003214,3-hydroxybutyrate dehydrogenase (EC 1.1.1.30),fig|287.6612.peg.3332,fig|287.6618.peg.3365,fig|287.6617.peg.3194,,fig|287.6624.peg.4780,fig|287.6631.peg.3345,fig|287.6637.peg.2570,fig|287.6620.peg.3878
1144,PLF_286_00001254,"Ribose ABC transporter, permease protein RbsC (TC 3.A.1.2.1)",fig|287.6612.peg.3391,fig|287.6618.peg.3424,fig|287.6617.peg.3254,,fig|287.6624.peg.4722,fig|287.6631.peg.3406,fig|287.6637.peg.2511,fig|287.6620.peg.3937
1148,PLF_286_00001258,Gluconate transporter family protein,,fig|287.6618.peg.2920,fig|287.6617.peg.2830,fig|287.6622.peg.3153,fig|287.6624.peg.5198,fig|287.6631.peg.3016,fig|287.6637.peg.2931,fig|287.6620.peg.3527
5247,PLF_286_00040276,Transposase InsN for insertion sequence element IS911,"fig|287.6612.peg.1066,fig|287.6612.peg.2469,fig|287.6612.peg.2764,fig|287.6612.peg.3030,fig|287.6612.peg.3031,fig|287.6612.peg.4290,fig|287.6612.peg.4477,fig|287.6612.peg.4642",fig|287.6618.peg.1220,"fig|287.6617.peg.2372,fig|287.6617.peg.2373,fig|287.6617.peg.2677,fig|287.6617.peg.3267,fig|287.6617.peg.4132,fig|287.6617.peg.4478,fig|287.6617.peg.4510","fig|287.6622.peg.1020,fig|287.6622.peg.1919,fig|287.6622.peg.333,fig|287.6622.peg.3642,fig|287.6622.peg.3643","fig|287.6624.peg.1133,fig|287.6624.peg.2574,fig|287.6624.peg.3536,fig|287.6624.peg.3716,fig|287.6624.peg.3900,fig|287.6624.peg.5070,fig|287.6624.peg.5071,fig|287.6624.peg.5396,fig|287.6624.peg.6729","fig|287.6631.peg.2571,fig|287.6631.peg.3305,fig|287.6631.peg.3307,fig|287.6631.peg.4295,fig|287.6631.peg.4535,fig|287.6631.peg.4548,fig|287.6631.peg.50",,"fig|287.6620.peg.1001,fig|287.6620.peg.3378,fig|287.6620.peg.3948,fig|287.6620.peg.4781,fig|287.6620.peg.4785"
3201,PLF_286_00003824,"Transcriptional repressor of mexXY operon, MexZ",fig|287.6612.peg.3314,fig|287.6618.peg.3347,fig|287.6617.peg.3176,,fig|287.6624.peg.4798,fig|287.6631.peg.3325,fig|287.6637.peg.2588,fig|287.6620.peg.3860
4227,PLF_286_00005051,Transcriptional regulator,fig|287.6612.peg.3256,fig|287.6618.peg.3288,fig|287.6617.peg.3119,,fig|287.6624.peg.4858,fig|287.6631.peg.3263,fig|287.6637.peg.2647,fig|287.6620.peg.3803
4228,PLF_286_00005052,Two-component system sensor histidine kinase/response regulator hybrid,fig|287.6612.peg.3142,fig|287.6618.peg.3179,fig|287.6617.peg.3005,,fig|287.6624.peg.4971,fig|287.6631.peg.3157,fig|287.6637.peg.2754,fig|287.6620.peg.3698
3205,PLF_286_00003830,Tripartite tricarboxylate transporter TctA family,fig|287.6612.peg.3110,fig|287.6618.peg.3146,fig|287.6617.peg.2979,,fig|287.6624.peg.5027,,fig|287.6637.peg.2786,fig|287.6620.peg.3672
4232,PLF_286_00005056,hypothetical protein,fig|287.6612.peg.3269,fig|287.6618.peg.3301,fig|287.6617.peg.3132,,fig|287.6624.peg.4845,fig|287.6631.peg.3276,fig|287.6637.peg.2634,fig|287.6620.peg.3816
139,PLF_286_00000162,Pyrroloquinoline-quinone synthase (EC 1.3.3.11),fig|287.6612.peg.3348,fig|287.6618.peg.3381,fig|287.6617.peg.3210,,fig|287.6624.peg.4764,fig|287.6631.peg.3361,fig|287.6637.peg.2553,fig|287.6620.peg.3894
1680,PLF_286_00001966,Kynureninase (EC 3.7.1.3),fig|287.6612.peg.3252,fig|287.6618.peg.3283,fig|287.6617.peg.3114,,fig|287.6624.peg.4862,fig|287.6631.peg.3258,fig|287.6637.peg.2652,fig|287.6620.peg.3798
4240,PLF_286_00005065,Allophanate hydrolase 2 subunit 1 (EC 3.5.1.54),fig|287.6612.peg.3219,fig|287.6618.peg.3258,fig|287.6617.peg.3081,,fig|287.6624.peg.4893,fig|287.6631.peg.3234,fig|287.6637.peg.2677,fig|287.6620.peg.3774
4244,PLF_286_00005070,"N-butanoyl-L-homoserine lactone synthase @ N-acyl-L-homoserine lactone synthase, LuxI family (EC 2.3.1.184)",fig|287.6612.peg.1614,fig|287.6618.peg.1566,fig|287.6617.peg.1560,fig|287.6622.peg.4479,fig|287.6624.peg.1617,fig|287.6631.peg.1631,,fig|287.6620.peg.2057
3733,PLF_286_00004461,hypothetical protein,fig|287.6612.peg.2438,fig|287.6618.peg.2405,fig|287.6617.peg.2344,fig|287.6622.peg.3673,fig|287.6624.peg.2491,,fig|287.6637.peg.3593,fig|287.6620.peg.2922
2198,PLF_286_00002640,"Outer membrane low permeability porin, OprD family => OccK3/OpdO pyroglutamate, cefotaxime uptake",fig|287.6612.peg.3217,fig|287.6618.peg.3256,fig|287.6617.peg.3079,,fig|287.6624.peg.4895,fig|287.6631.peg.3232,fig|287.6637.peg.2679,fig|287.6620.peg.3772
4246,PLF_286_00005072,"Outer membrane low permeability porin, OprD family => OccK9/OpdG",fig|287.6612.peg.3104,fig|287.6618.peg.3088,fig|287.6617.peg.2973,,fig|287.6624.peg.5033,,fig|287.6637.peg.2792,fig|287.6620.peg.3666
3224,PLF_286_00003850,Split AAA-ATPase protein PA0787,fig|287.6612.peg.4701,,fig|287.6617.peg.4545,fig|287.6622.peg.1707,fig|287.6624.peg.3485,fig|287.6631.peg.4803,fig|287.6637.peg.4811,fig|287.6620.peg.1623
4247,PLF_286_00005073,Tripartite tricarboxylate transporter TctB family,fig|287.6612.peg.3109,fig|287.6618.peg.3145,fig|287.6617.peg.2978,,fig|287.6624.peg.5028,,fig|287.6637.peg.2787,fig|287.6620.peg.3671
4248,PLF_286_00005074,Zn-dependent protease with chaperone function,,fig|287.6618.peg.2959,fig|287.6617.peg.2870,fig|287.6622.peg.3115,fig|287.6624.peg.5158,fig|287.6631.peg.3056,fig|287.6637.peg.2890,fig|287.6620.peg.3569
5268,PLF_286_00045642,Uncharacterized MFS-type transporter,,fig|287.6618.peg.2927,fig|287.6617.peg.2837,fig|287.6622.peg.3146,fig|287.6624.peg.5191,fig|287.6631.peg.3023,fig|287.6637.peg.2924,fig|287.6620.peg.3534
3228,PLF_286_00003854,Macrolide-specific efflux protein MacA,fig|287.6612.peg.2892,fig|287.6618.peg.2848,fig|287.6617.peg.2758,fig|287.6622.peg.3222,fig|287.6624.peg.5271,fig|287.6631.peg.2946,,fig|287.6620.peg.3454
1693,PLF_286_00001984,Hydrogen cyanide synthase HcnB @ Opine oxidase subunit A,fig|287.6612.peg.3123,fig|287.6618.peg.3159,fig|287.6617.peg.2992,,fig|287.6624.peg.4994,,fig|287.6637.peg.2773,fig|287.6620.peg.3685
4252,PLF_286_00005079,hypothetical protein,fig|287.6612.peg.3112,fig|287.6618.peg.3148,fig|287.6617.peg.2981,,fig|287.6624.peg.5025,,fig|287.6637.peg.2784,fig|287.6620.peg.3674
3231,PLF_286_00003858,FIG00961199: hypothetical protein,fig|287.6612.peg.3357,fig|287.6618.peg.3391,fig|287.6617.peg.3220,,fig|287.6624.peg.4755,fig|287.6631.peg.3371,fig|287.6637.peg.2543,fig|287.6620.peg.3904
4254,PLF_286_00005081,hypothetical protein,fig|287.6612.peg.3284,fig|287.6618.peg.3317,fig|287.6617.peg.3147,,fig|287.6624.peg.4829,fig|287.6631.peg.3291,fig|287.6637.peg.2619,fig|287.6620.peg.3831
1698,PLF_286_00001990,"Transcriptional regulator, AsnC family",fig|287.6612.peg.3250,fig|287.6618.peg.3281,fig|287.6617.peg.3112,,fig|287.6624.peg.4864,fig|287.6631.peg.3256,fig|287.6637.peg.2654,fig|287.6620.peg.3796
3235,PLF_286_00003865,Thiamine pyrophosphate-requiring enzymes,fig|287.6612.peg.3298,fig|287.6618.peg.3331,fig|287.6617.peg.3160,,fig|287.6624.peg.4815,fig|287.6631.peg.3309,fig|287.6637.peg.2604,fig|287.6620.peg.3844
3236,PLF_286_00003866,FIG003003: hypothetical protein,fig|287.6612.peg.3164,fig|287.6618.peg.3201,fig|287.6617.peg.3027,,fig|287.6624.peg.4949,fig|287.6631.peg.3179,fig|287.6637.peg.2732,fig|287.6620.peg.3720
165,PLF_286_00000189,"Predicted transcriptional regulator LiuR of leucine degradation pathway, MerR family",fig|287.6612.peg.3319,fig|287.6618.peg.3352,fig|287.6617.peg.3181,,fig|287.6624.peg.4793,fig|287.6631.peg.3332,fig|287.6637.peg.2583,fig|287.6620.peg.3865
3237,PLF_286_00003868,Chromosome segregation ATPases,fig|287.6612.peg.3258,fig|287.6618.peg.3290,fig|287.6617.peg.3121,,fig|287.6624.peg.4856,fig|287.6631.peg.3265,fig|287.6637.peg.2645,fig|287.6620.peg.3805
3239,PLF_286_00003870,Co-activator of prophage gene expression IbrA,fig|287.6612.peg.3199,fig|287.6618.peg.3236,fig|287.6617.peg.3061,,fig|287.6624.peg.4913,fig|287.6631.peg.3213,fig|287.6637.peg.2698,fig|287.6620.peg.3754
4265,PLF_286_00005095,SAM-dependent methyltransferase,fig|287.6612.peg.3299,fig|287.6618.peg.3332,fig|287.6617.peg.3161,,fig|287.6624.peg.4814,fig|287.6631.peg.3310,fig|287.6637.peg.2603,fig|287.6620.peg.3845
4266,PLF_286_00005096,"Transcriptional regulator, AraC family",,fig|287.6618.peg.2966,fig|287.6617.peg.2877,fig|287.6622.peg.3108,fig|287.6624.peg.5151,fig|287.6631.peg.3063,fig|287.6637.peg.2883,fig|287.6620.peg.3576
5290,PLF_286_00053702,hypothetical protein,fig|287.6612.peg.3297,fig|287.6618.peg.3330,fig|287.6617.peg.3159,,fig|287.6624.peg.4816,fig|287.6631.peg.3304,fig|287.6637.peg.2606,fig|287.6620.peg.3843
4268,PLF_286_00005098,Tripartite tricarboxylate transporter TctC family,fig|287.6612.peg.3108,"fig|287.6618.peg.3092,fig|287.6618.peg.3144",fig|287.6617.peg.2977,,fig|287.6624.peg.5029,,fig|287.6637.peg.2788,fig|287.6620.peg.3670
1197,PLF_286_00001320,"Maleylacetoacetate isomerase (EC 5.2.1.2) @ Glutathione S-transferase, zeta (EC 2.5.1.18)",fig|287.6612.peg.3328,fig|287.6618.peg.3361,fig|287.6617.peg.3190,,fig|287.6624.peg.4784,fig|287.6631.peg.3341,fig|287.6637.peg.2574,fig|287.6620.peg.3874
4269,PLF_286_00005099,Zn-dependent protease with chaperone function,,fig|287.6618.peg.2956,fig|287.6617.peg.2867,fig|287.6622.peg.3118,fig|287.6624.peg.5161,fig|287.6631.peg.3053,fig|287.6637.peg.2893,"fig|287.6620.peg.3565,fig|287.6620.peg.3566"
3247,PLF_286_00003880,"Inner membrane protein YihY, formerly thought to be RNase BN",fig|287.6612.peg.2437,fig|287.6618.peg.2404,fig|287.6617.peg.2343,fig|287.6622.peg.3674,fig|287.6624.peg.2490,,fig|287.6637.peg.3594,fig|287.6620.peg.2921
4270,PLF_286_00005100,hypothetical protein,fig|287.6612.peg.3255,fig|287.6618.peg.3287,fig|287.6617.peg.3118,,fig|287.6624.peg.4859,fig|287.6631.peg.3262,fig|287.6637.peg.2648,fig|287.6620.peg.3802
3761,PLF_286_00004496,Uncharacterized MFS-type transporter,fig|287.6612.peg.3264,fig|287.6618.peg.3296,fig|287.6617.peg.3127,,fig|287.6624.peg.4850,fig|287.6631.peg.3271,fig|287.6637.peg.2639,fig|287.6620.peg.3811
5811,PLF_286_00300897,"Cardiolipin synthase (EC 2.7.8.-) bacterial type ClsB, has minor trans-phosphatidylation activity converting PE to PG",fig|287.6612.peg.3166,fig|287.6618.peg.3203,fig|287.6617.peg.3029,,fig|287.6624.peg.4947,fig|287.6631.peg.3181,fig|287.6637.peg.2730,fig|287.6620.peg.3722
2228,PLF_286_00002674,"Multidrug efflux system, membrane fusion component => MexX of of MexXY/AxyXY",fig|287.6612.peg.3315,fig|287.6618.peg.3348,fig|287.6617.peg.3177,,fig|287.6624.peg.4797,fig|287.6631.peg.3328,fig|287.6637.peg.2587,fig|287.6620.peg.3861
4276,PLF_286_00005106,hypothetical protein,fig|287.6612.peg.3178,fig|287.6618.peg.3215,fig|287.6617.peg.3041,,fig|287.6624.peg.4934,fig|287.6631.peg.3193,fig|287.6637.peg.2718,fig|287.6620.peg.3734
4277,PLF_286_00005107,hypothetical protein,,fig|287.6618.peg.2957,fig|287.6617.peg.2868,fig|287.6622.peg.3117,fig|287.6624.peg.5160,fig|287.6631.peg.3054,fig|287.6637.peg.2892,fig|287.6620.peg.3567
4279,PLF_286_00005109,hypothetical protein,fig|287.6612.peg.3172,fig|287.6618.peg.3209,fig|287.6617.peg.3035,,fig|287.6624.peg.4940,fig|287.6631.peg.3187,fig|287.6637.peg.2724,fig|287.6620.peg.3728
5812,PLF_286_00301003,"Ribose ABC transporter, ATP-binding protein RbsA (TC 3.A.1.2.1)",fig|287.6612.peg.3392,fig|287.6618.peg.3425,fig|287.6617.peg.3255,,fig|287.6624.peg.4721,fig|287.6631.peg.3407,fig|287.6637.peg.2510,fig|287.6620.peg.3938
5306,PLF_286_00058865,hypothetical protein,fig|287.6612.peg.4461,fig|287.6618.peg.4527,fig|287.6617.peg.4308,fig|287.6622.peg.1932,fig|287.6624.peg.3729,fig|287.6631.peg.4475,,fig|287.6620.peg.4971
3771,PLF_286_00004507,"Transcriptional regulator, LysR family",fig|287.6612.peg.3377,fig|287.6618.peg.3410,fig|287.6617.peg.3240,,fig|287.6624.peg.4736,fig|287.6631.peg.3392,fig|287.6637.peg.2525,fig|287.6620.peg.3923
1724,PLF_286_00002019,hypothetical protein,,fig|287.6618.peg.2923,fig|287.6617.peg.2833,fig|287.6622.peg.3150,fig|287.6624.peg.5195,fig|287.6631.peg.3019,fig|287.6637.peg.2928,fig|287.6620.peg.3530
1726,PLF_286_00002021,"Kynurenine formamidase, bacterial (EC 3.5.1.9)",fig|287.6612.peg.3251,fig|287.6618.peg.3282,fig|287.6617.peg.3113,,fig|287.6624.peg.4863,fig|287.6631.peg.3257,fig|287.6637.peg.2653,fig|287.6620.peg.3797
4287,PLF_286_00005119,Cell division protein FtsI [Peptidoglycan synthetase] (EC 2.4.1.129),,fig|287.6618.peg.2970,fig|287.6617.peg.2881,fig|287.6622.peg.3104,fig|287.6624.peg.5147,fig|287.6631.peg.3067,fig|287.6637.peg.2879,fig|287.6620.peg.3581
3264,PLF_286_00003902,Siderophore-interacting protein,fig|287.6612.peg.3300,fig|287.6618.peg.3333,fig|287.6617.peg.3162,,fig|287.6624.peg.4813,fig|287.6631.peg.3311,fig|287.6637.peg.2602,fig|287.6620.peg.3846
3777,PLF_286_00004515,hypothetical protein,fig|287.6612.peg.3370,fig|287.6618.peg.3403,fig|287.6617.peg.3233,,fig|287.6624.peg.4743,fig|287.6631.peg.3385,fig|287.6637.peg.2531,fig|287.6620.peg.3916
4289,PLF_286_00005122,Gluconokinase (EC 2.7.1.12),,fig|287.6618.peg.2921,fig|287.6617.peg.2831,fig|287.6622.peg.3152,fig|287.6624.peg.5197,fig|287.6631.peg.3017,fig|287.6637.peg.2930,fig|287.6620.peg.3528
3268,PLF_286_00003906,"Transcriptional regulator, LysR family",fig|287.6612.peg.3206,fig|287.6618.peg.3243,fig|287.6617.peg.3068,,fig|287.6624.peg.4906,fig|287.6631.peg.3220,fig|287.6637.peg.2691,fig|287.6620.peg.3761
3781,PLF_286_00004519,hypothetical protein,fig|287.6612.peg.3451,fig|287.6618.peg.3520,fig|287.6617.peg.3354,fig|287.6622.peg.2875,fig|287.6624.peg.4627,,fig|287.6637.peg.2408,"fig|287.6620.peg.4036,fig|287.6620.peg.701"
4294,PLF_286_00005128,"ABC transporter, permease protein (cluster 3, basic aa/glutamine/opines)",fig|287.6612.peg.3115,fig|287.6618.peg.3151,fig|287.6617.peg.2984,,fig|287.6624.peg.5022,,fig|287.6637.peg.2781,fig|287.6620.peg.3677
4299,PLF_286_00005133,amidohydrolase 2,fig|287.6612.peg.3106,fig|287.6618.peg.3090,fig|287.6617.peg.2975,,fig|287.6624.peg.5031,,fig|287.6637.peg.2790,fig|287.6620.peg.3668
4300,PLF_286_00005134,hypothetical protein,,fig|287.6618.peg.2960,fig|287.6617.peg.2871,fig|287.6622.peg.3114,fig|287.6624.peg.5157,fig|287.6631.peg.3057,fig|287.6637.peg.2889,fig|287.6620.peg.3570
5323,PLF_286_00062260,Acetoacetyl-CoA synthetase (EC 6.2.1.16),fig|287.6612.peg.3338,fig|287.6618.peg.3371,fig|287.6617.peg.3200,,fig|287.6624.peg.4774,fig|287.6631.peg.3351,fig|287.6637.peg.2563,fig|287.6620.peg.3884
4304,PLF_286_00005141,Histone acetyltransferase HPA2 and related acetyltransferases,,fig|287.6618.peg.2971,fig|287.6617.peg.2882,fig|287.6622.peg.3103,fig|287.6624.peg.5146,fig|287.6631.peg.3068,fig|287.6637.peg.2878,fig|287.6620.peg.3582
4305,PLF_286_00005142,"Hydrolase, alpha/beta fold family",fig|287.6612.peg.3152,fig|287.6618.peg.3189,fig|287.6617.peg.3015,,fig|287.6624.peg.4961,fig|287.6631.peg.3167,fig|287.6637.peg.2744,fig|287.6620.peg.3708
5840,PLF_286_00353958,Catalase-like heme-binding protein,fig|287.6612.peg.3400,fig|287.6618.peg.3433,fig|287.6617.peg.3262,,fig|287.6624.peg.4714,fig|287.6631.peg.3415,fig|287.6637.peg.2502,fig|287.6620.peg.3946
5841,PLF_286_00354822,hypothetical protein,fig|287.6612.peg.6077,fig|287.6618.peg.6084,fig|287.6617.peg.5905,fig|287.6622.peg.5848,,fig|287.6631.peg.6277,fig|287.6637.peg.6178,fig|287.6620.peg.6263
724,PLF_286_00000784,Exodeoxyribonuclease III (EC 3.1.11.2),fig|287.6612.peg.6076,fig|287.6618.peg.6083,fig|287.6617.peg.5904,fig|287.6622.peg.5847,,fig|287.6631.peg.6276,fig|287.6637.peg.6177,fig|287.6620.peg.6262
4308,PLF_286_00005147,Rtn protein,fig|287.6612.peg.3117,fig|287.6618.peg.3153,fig|287.6617.peg.2986,,"fig|287.6624.peg.4988,fig|287.6624.peg.5020",,fig|287.6637.peg.2779,fig|287.6620.peg.3679
5843,PLF_286_00355328,Fatty acid hydroxylase family (carotene hydroxylase/sterol desaturase),fig|287.6612.peg.3205,fig|287.6618.peg.3242,fig|287.6617.peg.3067,,fig|287.6624.peg.4907,fig|287.6631.peg.3219,fig|287.6637.peg.2692,fig|287.6620.peg.3760
3804,PLF_286_00004546,Beta-lactamase class C-like and penicillin binding proteins (PBPs) superfamily,,fig|287.6618.peg.2926,fig|287.6617.peg.2836,fig|287.6622.peg.3147,fig|287.6624.peg.5192,fig|287.6631.peg.3022,fig|287.6637.peg.2925,fig|287.6620.peg.3533
4322,PLF_286_00005162,Cinnamyl alcohol dehydrogenase/reductase (EC 1.1.1.195) @ Alcohol dehydrogenase (EC 1.1.1.1),,fig|287.6618.peg.2967,fig|287.6617.peg.2878,fig|287.6622.peg.3107,fig|287.6624.peg.5150,fig|287.6631.peg.3064,fig|287.6637.peg.2882,"fig|287.6620.peg.3577,fig|287.6620.peg.3578"
4323,PLF_286_00005163,FOG: CheY-like receiver,fig|287.6612.peg.3187,fig|287.6618.peg.3224,fig|287.6617.peg.3050,,fig|287.6624.peg.4925,fig|287.6631.peg.3202,fig|287.6637.peg.2709,fig|287.6620.peg.3743
2788,PLF_286_00003344,Transcriptional regulator,fig|287.6612.peg.3330,fig|287.6618.peg.3363,fig|287.6617.peg.3192,,fig|287.6624.peg.4782,fig|287.6631.peg.3343,fig|287.6637.peg.2572,fig|287.6620.peg.3876
4325,PLF_286_00005165,Metallothionein,fig|287.6612.peg.3184,fig|287.6618.peg.3221,fig|287.6617.peg.3047,,fig|287.6624.peg.4928,fig|287.6631.peg.3199,fig|287.6637.peg.2712,fig|287.6620.peg.3740
4326,PLF_286_00005166,Outer membrane protein,fig|287.6612.peg.3318,fig|287.6618.peg.3351,fig|287.6617.peg.3180,,fig|287.6624.peg.4794,fig|287.6631.peg.3331,fig|287.6637.peg.2584,fig|287.6620.peg.3864
4328,PLF_286_00005170,hypothetical protein,,fig|287.6618.peg.2955,fig|287.6617.peg.2866,fig|287.6622.peg.3119,fig|287.6624.peg.5162,fig|287.6631.peg.3052,fig|287.6637.peg.2894,fig|287.6620.peg.3564
4332,PLF_286_00005174,hypothetical protein,fig|287.6612.peg.3155,fig|287.6618.peg.3192,fig|287.6617.peg.3018,,fig|287.6624.peg.4958,fig|287.6631.peg.3170,fig|287.6637.peg.2741,fig|287.6620.peg.3711
5868,PLF_286_00359582,hypothetical protein,fig|287.6612.peg.3207,fig|287.6618.peg.3244,fig|287.6617.peg.3069,,fig|287.6624.peg.4905,fig|287.6631.peg.3221,fig|287.6637.peg.2690,fig|287.6620.peg.3762
2799,PLF_286_00003357,hypothetical protein,fig|287.6612.peg.2436,fig|287.6618.peg.2403,fig|287.6617.peg.2342,fig|287.6622.peg.3675,fig|287.6624.peg.2489,,fig|287.6637.peg.3595,fig|287.6620.peg.2920
1264,PLF_286_00001408,Serine/threonine:Na+ symporter SstT,fig|287.6612.peg.3293,fig|287.6618.peg.3326,fig|287.6617.peg.3155,,fig|287.6624.peg.4820,fig|287.6631.peg.3300,fig|287.6637.peg.2610,fig|287.6620.peg.3839
1265,PLF_286_00001409,D-beta-hydroxybutyrate permease,fig|287.6612.peg.3331,fig|287.6618.peg.3364,fig|287.6617.peg.3193,,fig|287.6624.peg.4781,fig|287.6631.peg.3344,fig|287.6637.peg.2571,fig|287.6620.peg.3877
3313,PLF_286_00003958,"Carbonic anhydrase, beta class (EC 4.2.1.1)",fig|287.6612.peg.3279,fig|287.6618.peg.3312,fig|287.6617.peg.3142,,fig|287.6624.peg.4834,fig|287.6631.peg.3286,fig|287.6637.peg.2624,fig|287.6620.peg.3826
2291,PLF_286_00002752,Putative oxidoreductase YncB,fig|287.6612.peg.3120,fig|287.6618.peg.3156,fig|287.6617.peg.2989,,"fig|287.6624.peg.4991,fig|287.6624.peg.5017",,fig|287.6637.peg.2776,"fig|287.6620.peg.1669,fig|287.6620.peg.3682"
4337,PLF_286_00005180,NAD-dependent aldehyde dehydrogenases,fig|287.6612.peg.3151,fig|287.6618.peg.3188,fig|287.6617.peg.3014,,fig|287.6624.peg.4962,fig|287.6631.peg.3166,fig|287.6637.peg.2745,fig|287.6620.peg.3707
4338,PLF_286_00005181,Putative NADH-flavin reductase,fig|287.6612.peg.3143,fig|287.6618.peg.3180,fig|287.6617.peg.3006,,fig|287.6624.peg.4970,fig|287.6631.peg.3158,fig|287.6637.peg.2753,fig|287.6620.peg.3699
4339,PLF_286_00005182,Putative hydrolase,fig|287.6612.peg.3265,fig|287.6618.peg.3297,fig|287.6617.peg.3128,,fig|287.6624.peg.4849,fig|287.6631.peg.3272,fig|287.6637.peg.2638,fig|287.6620.peg.3812
4341,PLF_286_00005184,Putative transporter,fig|287.6612.peg.3190,fig|287.6618.peg.3227,fig|287.6617.peg.3053,,fig|287.6624.peg.4922,fig|287.6631.peg.3205,fig|287.6637.peg.2706,fig|287.6620.peg.3746
5360,PLF_286_00076540,Arsenical resistance operon repressor,,fig|287.6618.peg.2965,fig|287.6617.peg.2876,fig|287.6622.peg.3109,fig|287.6624.peg.5152,fig|287.6631.peg.3062,fig|287.6637.peg.2884,fig|287.6620.peg.3575
4345,PLF_286_00005188,hypothetical protein,fig|287.6612.peg.3188,fig|287.6618.peg.3225,fig|287.6617.peg.3051,,fig|287.6624.peg.4924,fig|287.6631.peg.3203,fig|287.6637.peg.2708,fig|287.6620.peg.3744
4346,PLF_286_00005189,hypothetical protein,fig|287.6612.peg.3144,fig|287.6618.peg.3181,fig|287.6617.peg.3007,,fig|287.6624.peg.4969,fig|287.6631.peg.3159,fig|287.6637.peg.2752,fig|287.6620.peg.3700
4348,PLF_286_00005192,putative membrane protein,fig|287.6612.peg.3141,fig|287.6618.peg.3178,fig|287.6617.peg.3004,,"fig|287.6624.peg.4972,fig|287.6624.peg.4998",fig|287.6631.peg.3156,fig|287.6637.peg.2755,fig|287.6620.peg.3697
2813,PLF_286_00003374,Alcohol dehydrogenase (EC 1.1.1.1); Acetaldehyde dehydrogenase (EC 1.2.1.10),fig|287.6612.peg.3344,fig|287.6618.peg.3377,fig|287.6617.peg.3206,,fig|287.6624.peg.4768,fig|287.6631.peg.3357,fig|287.6637.peg.2557,fig|287.6620.peg.3890
1277,PLF_286_00001426,Uncharacterized protein YjgR,fig|287.6612.peg.4838,fig|287.6618.peg.4870,,fig|287.6622.peg.1546,fig|287.6624.peg.3237,fig|287.6631.peg.5056,fig|287.6637.peg.5044,fig|287.6620.peg.1387
3839,PLF_286_00004584,Homogentisate pathway transcriptional regulator HmgR,fig|287.6612.peg.3325,fig|287.6618.peg.3358,fig|287.6617.peg.3187,,fig|287.6624.peg.4787,fig|287.6631.peg.3338,fig|287.6637.peg.2577,fig|287.6620.peg.3871
5375,PLF_286_00081070,HemK family modification methylase PA2179,fig|287.6612.peg.3139,fig|287.6618.peg.3176,fig|287.6617.peg.3002,,"fig|287.6624.peg.4974,fig|287.6624.peg.4999,fig|287.6624.peg.5000",fig|287.6631.peg.3154,fig|287.6637.peg.2757,fig|287.6620.peg.3695
5887,PLF_286_00362082,hypothetical protein,fig|287.6612.peg.3137,fig|287.6618.peg.3173,fig|287.6617.peg.2999,,"fig|287.6624.peg.4976,fig|287.6624.peg.5002",,fig|287.6637.peg.2759,fig|287.6620.peg.3692
3332,PLF_286_00003980,Mg(2+)-transport-ATPase-associated protein MgtC,fig|287.6612.peg.3173,fig|287.6618.peg.3210,fig|287.6617.peg.3036,,fig|287.6624.peg.4939,fig|287.6631.peg.3188,fig|287.6637.peg.2723,fig|287.6620.peg.3729
4356,PLF_286_00005201,hypothetical protein,fig|287.6612.peg.4465,fig|287.6618.peg.4531,fig|287.6617.peg.4312,fig|287.6622.peg.1928,fig|287.6624.peg.3725,fig|287.6631.peg.4479,,fig|287.6620.peg.4975
4358,PLF_286_00005203,hypothetical protein,,fig|287.6618.peg.2954,fig|287.6617.peg.2865,fig|287.6622.peg.3120,fig|287.6624.peg.5163,fig|287.6631.peg.3051,fig|287.6637.peg.2895,fig|287.6620.peg.3563
3335,PLF_286_00003983,Nicotinamide-nucleotide amidase (EC 3.5.1.42),fig|287.6612.peg.3183,fig|287.6618.peg.3220,fig|287.6617.peg.3046,,fig|287.6624.peg.4929,fig|287.6631.peg.3198,fig|287.6637.peg.2713,fig|287.6620.peg.3739
3847,PLF_286_00004595,hypothetical protein,fig|287.6612.peg.3341,fig|287.6618.peg.3374,fig|287.6617.peg.3203,,fig|287.6624.peg.4771,fig|287.6631.peg.3354,fig|287.6637.peg.2560,fig|287.6620.peg.3887
4360,PLF_286_00005206,FIG00954159: hypothetical protein,fig|287.6612.peg.3200,fig|287.6618.peg.3237,fig|287.6617.peg.3062,,fig|287.6624.peg.4912,fig|287.6631.peg.3214,fig|287.6637.peg.2697,fig|287.6620.peg.3755
5381,PLF_286_00084995,Hydroxymethylglutaryl-CoA lyase (EC 4.1.3.4),fig|287.6612.peg.3324,fig|287.6618.peg.3357,fig|287.6617.peg.3186,,fig|287.6624.peg.4788,fig|287.6631.peg.3337,fig|287.6637.peg.2578,fig|287.6620.peg.3870
5894,PLF_286_00362780,Endonuclease/exonuclease/phosphatase family protein,fig|287.6612.peg.3165,fig|287.6618.peg.3202,fig|287.6617.peg.3028,,fig|287.6624.peg.4948,fig|287.6631.peg.3180,fig|287.6637.peg.2731,fig|287.6620.peg.3721
4365,PLF_286_00005211,L-lyxonate transporter,fig|287.6612.peg.3103,fig|287.6618.peg.3087,fig|287.6617.peg.2972,,fig|287.6624.peg.5034,,fig|287.6637.peg.2793,fig|287.6620.peg.3665
3854,PLF_286_00004602,hypothetical protein,fig|287.6612.peg.3308,fig|287.6618.peg.3340,fig|287.6617.peg.3169,,fig|287.6624.peg.4805,fig|287.6631.peg.3318,fig|287.6637.peg.2595,fig|287.6620.peg.3853
1296,PLF_286_00001445,"Glyceraldehyde-3-phosphate dehydrogenase, putative",,fig|287.6618.peg.2918,fig|287.6617.peg.2828,fig|287.6622.peg.3155,fig|287.6624.peg.5200,fig|287.6631.peg.3014,fig|287.6637.peg.2933,fig|287.6620.peg.3525
5905,PLF_286_00365040,hypothetical protein,fig|287.6612.peg.3283,fig|287.6618.peg.3316,fig|287.6617.peg.3146,,fig|287.6624.peg.4830,fig|287.6631.peg.3290,fig|287.6637.peg.2620,fig|287.6620.peg.3830
4370,PLF_286_00005216,hypothetical protein,,fig|287.6618.peg.2968,fig|287.6617.peg.2879,fig|287.6622.peg.3106,fig|287.6624.peg.5149,fig|287.6631.peg.3065,fig|287.6637.peg.2881,fig|287.6620.peg.3579
5906,PLF_286_00365361,"Transcriptional regulator, LysR family",fig|287.6612.peg.3215,fig|287.6618.peg.3253,fig|287.6617.peg.3077,,fig|287.6624.peg.4897,fig|287.6631.peg.3230,fig|287.6637.peg.2682,fig|287.6620.peg.3770
4372,PLF_286_00005218,hypothetical protein,fig|287.6612.peg.3180,fig|287.6618.peg.3217,fig|287.6617.peg.3043,,fig|287.6624.peg.4932,fig|287.6631.peg.3195,fig|287.6637.peg.2716,fig|287.6620.peg.3736
5907,PLF_286_00365671,Permease of the drug/metabolite transporter (DMT) superfamily,fig|287.6612.peg.3359,fig|287.6618.peg.3393,fig|287.6617.peg.3222,,fig|287.6624.peg.4753,fig|287.6631.peg.3374,fig|287.6637.peg.2541,fig|287.6620.peg.3906
3350,PLF_286_00004004,"Multidrug efflux system, inner membrane proton/drug antiporter (RND type) => MexY of MexXY/AxyXY",fig|287.6612.peg.3316,fig|287.6618.peg.3349,fig|287.6617.peg.3178,,fig|287.6624.peg.4796,fig|287.6631.peg.3329,fig|287.6637.peg.2586,fig|287.6620.peg.3862
4377,PLF_286_00005226,Phosphoenolpyruvate carboxykinase [ATP] (EC 4.1.1.49),,fig|287.6618.peg.2958,fig|287.6617.peg.2869,fig|287.6622.peg.3116,fig|287.6624.peg.5159,fig|287.6631.peg.3055,fig|287.6637.peg.2891,fig|287.6620.peg.3568
4382,PLF_286_00005232,FIG00956084: hypothetical protein,fig|287.6612.peg.3146,fig|287.6618.peg.3183,fig|287.6617.peg.3009,,fig|287.6624.peg.4967,fig|287.6631.peg.3161,fig|287.6637.peg.2750,fig|287.6620.peg.3702
5919,PLF_286_00367442,hypothetical protein,fig|287.6612.peg.3160,fig|287.6618.peg.3197,fig|287.6617.peg.3023,,fig|287.6624.peg.4953,fig|287.6631.peg.3175,fig|287.6637.peg.2736,fig|287.6620.peg.3716
5409,PLF_286_00089946,Trehalose synthase (EC 5.4.99.16),fig|287.6612.peg.3169,fig|287.6618.peg.3206,fig|287.6617.peg.3032,,fig|287.6624.peg.4944,fig|287.6631.peg.3184,fig|287.6637.peg.2727,fig|287.6620.peg.3725
1314,PLF_286_00001481,Cyanate hydratase (EC 4.2.1.104),fig|287.6612.peg.3280,fig|287.6618.peg.3313,fig|287.6617.peg.3143,,fig|287.6624.peg.4833,fig|287.6631.peg.3287,fig|287.6637.peg.2623,fig|287.6620.peg.3827
2850,PLF_286_00003421,UPF0317 protein YcsI,fig|287.6612.peg.3214,fig|287.6618.peg.3252,fig|287.6617.peg.3076,,fig|287.6624.peg.4898,fig|287.6631.peg.3229,fig|287.6637.peg.2683,fig|287.6620.peg.3769
3874,PLF_286_00004626,Cellulase M and related proteins,fig|287.6612.peg.3148,fig|287.6618.peg.3185,fig|287.6617.peg.3011,,fig|287.6624.peg.4965,fig|287.6631.peg.3163,fig|287.6637.peg.2748,fig|287.6620.peg.3704
4388,PLF_286_00005242,4-alpha-glucanotransferase (amylomaltase) (EC 2.4.1.25),fig|287.6612.peg.3158,fig|287.6618.peg.3195,fig|287.6617.peg.3021,,fig|287.6624.peg.4955,fig|287.6631.peg.3173,fig|287.6637.peg.2738,fig|287.6620.peg.3714
1319,PLF_286_00001488,Allophanate hydrolase 2 subunit 2 (EC 3.5.1.54),fig|287.6612.peg.3220,fig|287.6618.peg.3259,fig|287.6617.peg.3082,,fig|287.6624.peg.4892,fig|287.6631.peg.3235,fig|287.6637.peg.2676,fig|287.6620.peg.3775
2856,PLF_286_00003429,hypothetical protein,,fig|287.6618.peg.2374,fig|287.6617.peg.2313,fig|287.6622.peg.3704,fig|287.6624.peg.2460,fig|287.6631.peg.2504,fig|287.6637.peg.3624,fig|287.6620.peg.2891
4393,PLF_286_00005249,Uncharacterized protein PA2301,,fig|287.6618.peg.2941,fig|287.6617.peg.2851,fig|287.6622.peg.3132,fig|287.6624.peg.5177,fig|287.6631.peg.3037,fig|287.6637.peg.2909,fig|287.6620.peg.3549
4395,PLF_286_00005252,Gluconate utilization system Gnt-I transcriptional repressor,,fig|287.6618.peg.2922,fig|287.6617.peg.2832,fig|287.6622.peg.3151,fig|287.6624.peg.5196,fig|287.6631.peg.3018,fig|287.6637.peg.2929,fig|287.6620.peg.3529
1326,PLF_286_00001500,Methylphosphotriester-DNA--protein-cysteine S-methyltransferase (EC 2.1.1.n11) / ADA regulatory protein / Methylated-DNA--protein-cysteine methyltransferase (EC 2.1.1.63),fig|287.6612.peg.3211,fig|287.6618.peg.3249,fig|287.6617.peg.3073,,fig|287.6624.peg.4901,fig|287.6631.peg.3226,fig|287.6637.peg.2686,fig|287.6620.peg.3766
4398,PLF_286_00005255,hypothetical protein,fig|287.6612.peg.3145,fig|287.6618.peg.3182,fig|287.6617.peg.3008,,fig|287.6624.peg.4968,fig|287.6631.peg.3160,fig|287.6637.peg.2751,fig|287.6620.peg.3701
1844,PLF_286_00002182,hypothetical protein,fig|287.6612.peg.3399,fig|287.6618.peg.3432,fig|287.6617.peg.3261,,fig|287.6624.peg.4715,fig|287.6631.peg.3414,fig|287.6637.peg.2503,fig|287.6620.peg.3945
4405,PLF_286_00005263,Acyl-CoA dehydrogenase; probable dibenzothiophene desulfurization enzyme,,fig|287.6618.peg.2917,fig|287.6617.peg.2827,fig|287.6622.peg.3156,fig|287.6624.peg.5201,fig|287.6631.peg.3013,fig|287.6637.peg.2934,fig|287.6620.peg.3524
3896,PLF_286_00004655,Redox-sensitive transcriptional activator SoxR,,fig|287.6618.peg.2969,fig|287.6617.peg.2880,fig|287.6622.peg.3105,fig|287.6624.peg.5148,fig|287.6631.peg.3066,fig|287.6637.peg.2880,fig|287.6620.peg.3580
3897,PLF_286_00004656,Ribose operon repressor,fig|287.6612.peg.3390,fig|287.6618.peg.3423,fig|287.6617.peg.3253,,fig|287.6624.peg.4723,fig|287.6631.peg.3405,fig|287.6637.peg.2512,fig|287.6620.peg.3936
3898,PLF_286_00004657,Sensory box/GGDEF family protein,fig|287.6612.peg.3259,fig|287.6618.peg.3291,fig|287.6617.peg.3122,,fig|287.6624.peg.4855,fig|287.6631.peg.3266,fig|287.6637.peg.2644,fig|287.6620.peg.3806
5432,PLF_286_00094726,hypothetical protein,fig|287.6612.peg.3185,fig|287.6618.peg.3222,fig|287.6617.peg.3048,,fig|287.6624.peg.4927,fig|287.6631.peg.3200,fig|287.6637.peg.2711,fig|287.6620.peg.3741
4925,PLF_286_00008305,Uncharacterized MFS-type transporter,fig|287.6612.peg.3216,fig|287.6618.peg.3255,fig|287.6617.peg.3078,,fig|287.6624.peg.4896,fig|287.6631.peg.3231,fig|287.6637.peg.2680,fig|287.6620.peg.3771
3391,PLF_286_00004056,CBS domain protein,fig|287.6612.peg.3162,fig|287.6618.peg.3199,fig|287.6617.peg.3025,,fig|287.6624.peg.4951,fig|287.6631.peg.3177,fig|287.6637.peg.2734,fig|287.6620.peg.3718
4419,PLF_286_00005284,Acyl-CoA dehydrogenase; probable dibenzothiophene desulfurization enzyme,,fig|287.6618.peg.2916,fig|287.6617.peg.2826,fig|287.6622.peg.3157,fig|287.6624.peg.5202,fig|287.6631.peg.3012,fig|287.6637.peg.2935,fig|287.6620.peg.3523
5445,PLF_286_00096046,"L-2-amino-4-methoxy-trans-3-butenoic acid export protein AmbA, LysE family",,fig|287.6618.peg.2936,fig|287.6617.peg.2846,fig|287.6622.peg.3137,fig|287.6624.peg.5182,fig|287.6631.peg.3032,fig|287.6637.peg.2914,fig|287.6620.peg.3544
4422,PLF_286_00005288,hypothetical protein,fig|287.6612.peg.3116,fig|287.6618.peg.3152,fig|287.6617.peg.2985,,"fig|287.6624.peg.4987,fig|287.6624.peg.5021",,fig|287.6637.peg.2780,fig|287.6620.peg.3678
4423,PLF_286_00005291,Uncharacterized cysteine-rich DUF326 protein bsYhjQ/STM1261,fig|287.6612.peg.3223,fig|287.6618.peg.3262,fig|287.6617.peg.3085,,fig|287.6624.peg.4889,fig|287.6631.peg.3238,fig|287.6637.peg.2673,fig|287.6620.peg.3778
5959,PLF_286_00381218,Arsenite/antimonite:H+ antiporter ArsB,,fig|287.6618.peg.2964,fig|287.6617.peg.2875,fig|287.6622.peg.3110,fig|287.6624.peg.5153,fig|287.6631.peg.3061,fig|287.6637.peg.2885,fig|287.6620.peg.3574
4426,PLF_286_00005294,hypothetical protein,fig|287.6612.peg.3147,fig|287.6618.peg.3184,fig|287.6617.peg.3010,,fig|287.6624.peg.4966,fig|287.6631.peg.3162,fig|287.6637.peg.2749,fig|287.6620.peg.3703
4430,PLF_286_00005303,hypothetical protein,fig|287.6612.peg.3140,fig|287.6618.peg.3177,fig|287.6617.peg.3003,,fig|287.6624.peg.4973,fig|287.6631.peg.3155,fig|287.6637.peg.2756,fig|287.6620.peg.3696
3924,PLF_286_00004686,hypothetical protein,fig|287.6612.peg.3375,fig|287.6618.peg.3408,fig|287.6617.peg.3238,,fig|287.6624.peg.4738,fig|287.6631.peg.3390,fig|287.6637.peg.2527,fig|287.6620.peg.3921
4437,PLF_286_00005312,"Two-component transcriptional response regulator, LuxR family",fig|287.6612.peg.3355,fig|287.6618.peg.3389,fig|287.6617.peg.3218,,fig|287.6624.peg.4757,fig|287.6631.peg.3369,fig|287.6637.peg.2545,fig|287.6620.peg.3902
1878,PLF_286_00002227,Prolyl oligopeptidase family protein,fig|287.6612.peg.3345,fig|287.6618.peg.3378,fig|287.6617.peg.3207,,fig|287.6624.peg.4767,fig|287.6631.peg.3358,fig|287.6637.peg.2556,fig|287.6620.peg.3891
4440,PLF_286_00005315,Uncharacterized MFS-type transporter,fig|287.6612.peg.3107,fig|287.6618.peg.3091,fig|287.6617.peg.2976,,fig|287.6624.peg.5030,,fig|287.6637.peg.2789,fig|287.6620.peg.3669
5977,PLF_286_00430219,Acetyl-CoA acetyltransferase (EC 2.3.1.9),fig|287.6612.peg.3334,fig|287.6618.peg.3367,fig|287.6617.peg.3196,,fig|287.6624.peg.4778,fig|287.6631.peg.3347,fig|287.6637.peg.2567,fig|287.6620.peg.3880
4443,PLF_286_00005318,Cyn operon transcriptional activator,fig|287.6612.peg.3278,fig|287.6618.peg.3311,fig|287.6617.peg.3141,,fig|287.6624.peg.4835,fig|287.6631.peg.3285,fig|287.6637.peg.2625,fig|287.6620.peg.3825
1884,PLF_286_00002237,UDP-glucose 6-dehydrogenase (EC 1.1.1.22),fig|287.6612.peg.3313,fig|287.6618.peg.3345,fig|287.6617.peg.3174,,fig|287.6624.peg.4800,fig|287.6631.peg.3323,fig|287.6637.peg.2590,fig|287.6620.peg.3858
4447,PLF_286_00005322,hypothetical protein,fig|287.6612.peg.6152,fig|287.6618.peg.6160,fig|287.6617.peg.5982,fig|287.6622.peg.5923,fig|287.6624.peg.6872,fig|287.6631.peg.6408,,fig|287.6620.peg.6340
1889,PLF_286_00002244,"ATP-dependent DNA ligase (EC 6.5.1.1) clustered with Ku protein, LigD",fig|287.6612.peg.3186,fig|287.6618.peg.3223,fig|287.6617.peg.3049,,fig|287.6624.peg.4926,fig|287.6631.peg.3201,fig|287.6637.peg.2710,fig|287.6620.peg.3742
5985,PLF_286_00432480,Catalase KatE-intracellular protease (EC 1.11.1.6),fig|287.6612.peg.3175,fig|287.6618.peg.3212,fig|287.6617.peg.3038,,fig|287.6624.peg.4937,fig|287.6631.peg.3190,fig|287.6637.peg.2721,fig|287.6620.peg.3731
3939,PLF_286_00004709,Lactam utilization protein LamB,fig|287.6612.peg.3218,fig|287.6618.peg.3257,fig|287.6617.peg.3080,,fig|287.6624.peg.4894,fig|287.6631.peg.3233,fig|287.6637.peg.2678,fig|287.6620.peg.3773
5989,PLF_286_00433326,Methylcrotonyl-CoA carboxylase biotin-containing subunit (EC 6.4.1.4),fig|287.6612.peg.3323,fig|287.6618.peg.3356,fig|287.6617.peg.3185,,fig|287.6624.peg.4789,fig|287.6631.peg.3336,fig|287.6637.peg.2579,fig|287.6620.peg.3869
4456,PLF_286_00005340,hypothetical protein,,fig|287.6618.peg.3346,fig|287.6617.peg.3175,,fig|287.6624.peg.4799,fig|287.6631.peg.3324,fig|287.6637.peg.2589,fig|287.6620.peg.3859
5482,PLF_286_00100789,Transcriptional activator PhbR,fig|287.6612.peg.3337,fig|287.6618.peg.3370,fig|287.6617.peg.3199,,fig|287.6624.peg.4775,fig|287.6631.peg.3350,fig|287.6637.peg.2564,fig|287.6620.peg.3883
1388,PLF_286_00001586,"Quino(hemo)protein alcohol dehydrogenase, PQQ-dependent (EC 1.1.2.8)",fig|287.6612.peg.3353,fig|287.6618.peg.3387,fig|287.6617.peg.3216,,fig|287.6624.peg.4759,fig|287.6631.peg.3367,fig|287.6637.peg.2547,fig|287.6620.peg.3900
4460,PLF_286_00005352,L-lyxonate dehydratase,fig|287.6612.peg.3102,fig|287.6618.peg.3086,fig|287.6617.peg.2971,,fig|287.6624.peg.5035,,fig|287.6637.peg.2794,fig|287.6620.peg.3664
4973,PLF_286_00010445,Methyl-accepting chemotaxis sensor/transducer protein,"fig|287.6612.peg.4840,fig|287.6612.peg.4841","fig|287.6618.peg.4872,fig|287.6618.peg.4873",,"fig|287.6622.peg.1543,fig|287.6622.peg.1544","fig|287.6624.peg.3234,fig|287.6624.peg.3235","fig|287.6631.peg.5058,fig|287.6631.peg.5059","fig|287.6637.peg.5046,fig|287.6637.peg.5047","fig|287.6620.peg.1384,fig|287.6620.peg.1385"
5487,PLF_286_00102050,Repair of Iron Centers di-iron protein,fig|287.6612.peg.3149,fig|287.6618.peg.3186,fig|287.6617.peg.3012,,fig|287.6624.peg.4964,fig|287.6631.peg.3164,fig|287.6637.peg.2747,fig|287.6620.peg.3705
4468,PLF_286_00005366,"2,5-dioxovalerate dehydrogenase (EC 1.2.1.26)",fig|287.6612.peg.3100,fig|287.6618.peg.3084,fig|287.6617.peg.2969,,fig|287.6624.peg.5037,,fig|287.6637.peg.2796,fig|287.6620.peg.3662
3959,PLF_286_00004730,hypothetical protein,fig|287.6612.peg.2440,fig|287.6618.peg.2407,fig|287.6617.peg.2346,fig|287.6622.peg.3671,fig|287.6624.peg.2493,,fig|287.6637.peg.3591,fig|287.6620.peg.2924
5500,PLF_286_00104000,hypothetical protein,fig|287.6612.peg.3340,fig|287.6618.peg.3373,fig|287.6617.peg.3202,,fig|287.6624.peg.4772,fig|287.6631.peg.3353,fig|287.6637.peg.2561,fig|287.6620.peg.3886
2429,PLF_286_00002914,hypothetical protein,fig|287.6612.peg.3369,fig|287.6618.peg.3402,fig|287.6617.peg.3232,,fig|287.6624.peg.4744,fig|287.6631.peg.3384,fig|287.6637.peg.2532,fig|287.6620.peg.3915
3971,PLF_286_00004744,probable carbamoyl transferase,fig|287.6612.peg.3263,fig|287.6618.peg.3295,fig|287.6617.peg.3126,,fig|287.6624.peg.4851,fig|287.6631.peg.3270,fig|287.6637.peg.2640,fig|287.6620.peg.3810
5509,PLF_286_00105151,Uncharacterized protein GguC,fig|287.6612.peg.3101,fig|287.6618.peg.3085,fig|287.6617.peg.2970,,fig|287.6624.peg.5036,,fig|287.6637.peg.2795,fig|287.6620.peg.3663
3978,PLF_286_00004753,"ABC transporter, substrate-binding protein (cluster 3, basic aa/glutamine/opines)",fig|287.6612.peg.3113,fig|287.6618.peg.3149,fig|287.6617.peg.2982,,fig|287.6624.peg.5024,,fig|287.6637.peg.2783,fig|287.6620.peg.3675
3467,PLF_286_00004149,FIG00954495: hypothetical protein,fig|287.6612.peg.2439,fig|287.6618.peg.2406,fig|287.6617.peg.2345,fig|287.6622.peg.3672,fig|287.6624.peg.2492,,fig|287.6637.peg.3592,fig|287.6620.peg.2923
1420,PLF_286_00001633,"Glucose dehydrogenase, PQQ-dependent (EC 1.1.5.2)",,fig|287.6618.peg.2952,fig|287.6617.peg.2862,fig|287.6622.peg.3123,fig|287.6624.peg.5166,fig|287.6631.peg.3048,fig|287.6637.peg.2898,fig|287.6620.peg.3560
5517,PLF_286_00106975,hypothetical protein,fig|287.6612.peg.3288,"fig|287.6618.peg.3321,fig|287.6618.peg.3322",fig|287.6617.peg.3151,,fig|287.6624.peg.4825,fig|287.6631.peg.3295,fig|287.6637.peg.2615,fig|287.6620.peg.3835
5006,PLF_286_00011663,4-hydroxybenzoate transporter,fig|287.6612.peg.3329,fig|287.6618.peg.3362,fig|287.6617.peg.3191,,fig|287.6624.peg.4783,fig|287.6631.peg.3342,fig|287.6637.peg.2573,fig|287.6620.peg.3875
6030,PLF_286_00444811,Ribokinase (EC 2.7.1.15),fig|287.6612.peg.3389,fig|287.6618.peg.3422,fig|287.6617.peg.3252,,fig|287.6624.peg.4724,fig|287.6631.peg.3404,fig|287.6637.peg.2513,fig|287.6620.peg.3935
1936,PLF_286_00002305,"Transglutaminase-like enzymes, putative cysteine proteases",fig|287.6612.peg.3290,fig|287.6618.peg.3324,fig|287.6617.peg.3153,,fig|287.6624.peg.4823,fig|287.6631.peg.3297,fig|287.6637.peg.2613,fig|287.6620.peg.3837
6031,PLF_286_00444898,"Transcriptional regulator, AraC family",fig|287.6612.peg.3287,fig|287.6618.peg.3320,fig|287.6617.peg.3150,,fig|287.6624.peg.4826,fig|287.6631.peg.3294,fig|287.6637.peg.2616,fig|287.6620.peg.3834
3986,PLF_286_00004762,"Limit dextrin alpha-1,6-maltotetraose-hydrolase (EC 3.2.1.196)",fig|287.6612.peg.3161,fig|287.6618.peg.3198,fig|287.6617.peg.3024,,fig|287.6624.peg.4952,fig|287.6631.peg.3176,fig|287.6637.peg.2735,fig|287.6620.peg.3717
4499,PLF_286_00005432,FIG027190: Putative transmembrane protein,fig|287.6612.peg.278,fig|287.6618.peg.266,fig|287.6617.peg.280,fig|287.6622.peg.324,fig|287.6624.peg.284,"fig|287.6631.peg.282,fig|287.6631.peg.283",,fig|287.6620.peg.275
4509,PLF_286_00005449,hypothetical protein,fig|287.6612.peg.277,fig|287.6618.peg.265,fig|287.6617.peg.279,fig|287.6622.peg.323,fig|287.6624.peg.283,fig|287.6631.peg.281,,fig|287.6620.peg.274
2983,PLF_286_00003574,"Transcriptional regulator, LysR family",fig|287.6612.peg.3111,fig|287.6618.peg.3147,fig|287.6617.peg.2980,,fig|287.6624.peg.5026,,fig|287.6637.peg.2785,fig|287.6620.peg.3673
1960,PLF_286_00002341,Beta-ketoadipate enol-lactone hydrolase (EC 3.1.1.24),fig|287.6612.peg.249,fig|287.6618.peg.237,,fig|287.6622.peg.293,fig|287.6624.peg.255,fig|287.6631.peg.252,fig|287.6637.peg.306,fig|287.6620.peg.245
1962,PLF_286_00002343,FMN-dependent NADH-azoreductase (EC 1.7.1.6),fig|287.6612.peg.3376,fig|287.6618.peg.3409,fig|287.6617.peg.3239,,fig|287.6624.peg.4737,fig|287.6631.peg.3391,fig|287.6637.peg.2526,fig|287.6620.peg.3922
3503,PLF_286_00004192,Methylglutaconyl-CoA hydratase (EC 4.2.1.18),fig|287.6612.peg.3322,fig|287.6618.peg.3355,fig|287.6617.peg.3184,,fig|287.6624.peg.4790,fig|287.6631.peg.3335,fig|287.6637.peg.2580,fig|287.6620.peg.3868
4528,PLF_286_00005480,hypothetical protein,fig|287.6612.peg.279,fig|287.6618.peg.267,fig|287.6617.peg.281,fig|287.6622.peg.325,fig|287.6624.peg.285,fig|287.6631.peg.284,,fig|287.6620.peg.276
3506,PLF_286_00004196,Pentapeptide repeat family protein,fig|287.6612.peg.3354,fig|287.6618.peg.3388,fig|287.6617.peg.3217,,fig|287.6624.peg.4758,fig|287.6631.peg.3368,fig|287.6637.peg.2546,fig|287.6620.peg.3901
1971,PLF_286_00002353,"Transcriptional regulator, AcrR family",fig|287.6612.peg.3121,fig|287.6618.peg.3157,fig|287.6617.peg.2990,,"fig|287.6624.peg.4992,fig|287.6624.peg.5016",,fig|287.6637.peg.2775,"fig|287.6620.peg.1668,fig|287.6620.peg.3683"
5567,PLF_286_00149416,"1,4-alpha-glucan (glycogen) branching enzyme, GH-13-type (EC 2.4.1.18)",fig|287.6612.peg.3168,fig|287.6618.peg.3205,fig|287.6617.peg.3031,,fig|287.6624.peg.4945,fig|287.6631.peg.3183,fig|287.6637.peg.2728,fig|287.6620.peg.3724
4033,PLF_286_00004816,"Glycogen synthase, ADP-glucose transglucosylase (EC 2.4.1.21)",fig|287.6612.peg.3156,fig|287.6618.peg.3193,fig|287.6617.peg.3019,,fig|287.6624.peg.4957,fig|287.6631.peg.3171,fig|287.6637.peg.2740,fig|287.6620.peg.3712
4035,PLF_286_00004819,Hydrogen cyanide synthase HcnA @ Opine oxidase subunit C,fig|287.6612.peg.3124,fig|287.6618.peg.3160,fig|287.6617.peg.2993,,fig|287.6624.peg.4995,,fig|287.6637.peg.2772,fig|287.6620.peg.3686
2504,PLF_286_00003009,Alpha-amylase (EC 3.2.1.1),fig|287.6612.peg.3170,fig|287.6618.peg.3207,fig|287.6617.peg.3033,,fig|287.6624.peg.4943,fig|287.6631.peg.3185,fig|287.6637.peg.2726,fig|287.6620.peg.3726
3017,PLF_286_00003613,Cold shock protein of CSP family / DUF1294 domain,fig|287.6612.peg.3378,fig|287.6618.peg.3411,fig|287.6617.peg.3241,,fig|287.6624.peg.4735,fig|287.6631.peg.3393,fig|287.6637.peg.2524,fig|287.6620.peg.3924
1487,PLF_286_00001712,Protease subunit of ATP-dependent Clp proteases,fig|287.6612.peg.3129,fig|287.6618.peg.3165,fig|287.6617.peg.2997,,"fig|287.6624.peg.4984,fig|287.6624.peg.5010",,fig|287.6637.peg.2767,fig|287.6620.peg.3690
1488,PLF_286_00001714,"Two-component transcriptional response regulator, LuxR family",fig|287.6612.peg.3358,fig|287.6618.peg.3392,fig|287.6617.peg.3221,,fig|287.6624.peg.4754,fig|287.6631.peg.3373,fig|287.6637.peg.2542,fig|287.6620.peg.3905
3538,PLF_286_00004235,hypothetical protein,fig|287.6612.peg.3254,fig|287.6618.peg.3286,fig|287.6617.peg.3117,,fig|287.6624.peg.4860,fig|287.6631.peg.3261,fig|287.6637.peg.2649,fig|287.6620.peg.3801
3543,PLF_286_00004240,hypothetical protein,fig|287.6612.peg.3131,fig|287.6618.peg.3167,fig|287.6617.peg.2998,,"fig|287.6624.peg.4982,fig|287.6624.peg.5008",,fig|287.6637.peg.2765,fig|287.6620.peg.3691
1497,PLF_286_00001725,GNAT family acetyltransferase VC2332,fig|287.6612.peg.3397,fig|287.6618.peg.3430,fig|287.6617.peg.3259,,fig|287.6624.peg.4717,fig|287.6631.peg.3412,fig|287.6637.peg.2505,fig|287.6620.peg.3943
2522,PLF_286_00003029,Probable tonB-dependent receptor yncD precursor,,fig|287.6618.peg.2953,fig|287.6617.peg.2864,fig|287.6622.peg.3121,fig|287.6624.peg.5164,fig|287.6631.peg.3050,fig|287.6637.peg.2896,fig|287.6620.peg.3562
4057,PLF_286_00004842,hypothetical protein,fig|287.6612.peg.3303,fig|287.6618.peg.3336,fig|287.6617.peg.3165,,fig|287.6624.peg.4810,fig|287.6631.peg.3314,fig|287.6637.peg.2599,fig|287.6620.peg.3849
988,PLF_286_00001074,Peptidyl-prolyl cis-trans isomerase PpiC (EC 5.2.1.8),fig|287.6612.peg.3339,fig|287.6618.peg.3372,fig|287.6617.peg.3201,,fig|287.6624.peg.4773,fig|287.6631.peg.3352,fig|287.6637.peg.2562,fig|287.6620.peg.3885
4062,PLF_286_00004847,hypothetical protein,fig|287.6612.peg.3373,fig|287.6618.peg.3405,fig|287.6617.peg.3235,,fig|287.6624.peg.4740,fig|287.6631.peg.3388,fig|287.6637.peg.2529,fig|287.6620.peg.3918
4069,PLF_286_00004857,4-hydroxythreonine-4-phosphate dehydrogenase (EC 1.1.1.262),fig|287.6612.peg.3105,fig|287.6618.peg.3089,fig|287.6617.peg.2974,,fig|287.6624.peg.5032,,fig|287.6637.peg.2791,fig|287.6620.peg.3667
4072,PLF_286_00004860,"Uncharacterized amino acid permease, GabP family",fig|287.6612.peg.3294,fig|287.6618.peg.3327,fig|287.6617.peg.3156,,fig|287.6624.peg.4819,fig|287.6631.peg.3301,fig|287.6637.peg.2609,fig|287.6620.peg.3840
3570,PLF_286_00004269,hypothetical protein,fig|287.6612.peg.3398,fig|287.6618.peg.3431,fig|287.6617.peg.3260,,fig|287.6624.peg.4716,fig|287.6631.peg.3413,fig|287.6637.peg.2504,fig|287.6620.peg.3944
5111,PLF_286_00018471,Threonine dehydrogenase and related Zn-dependent dehydrogenases,fig|287.6612.peg.3163,fig|287.6618.peg.3200,fig|287.6617.peg.3026,,fig|287.6624.peg.4950,fig|287.6631.peg.3178,fig|287.6637.peg.2733,fig|287.6620.peg.3719
4088,PLF_286_00004879,copper resistance protein B precursor,fig|287.6612.peg.3268,fig|287.6618.peg.3300,fig|287.6617.peg.3131,,fig|287.6624.peg.4846,fig|287.6631.peg.3275,fig|287.6637.peg.2635,fig|287.6620.peg.3815
1529,PLF_286_00001764,"ABC transporter, permease protein (cluster 10, nitrate/sulfonate/bicarbonate)",,fig|287.6618.peg.2914,fig|287.6617.peg.2823,fig|287.6622.peg.3159,fig|287.6624.peg.5204,fig|287.6631.peg.3010,fig|287.6637.peg.2937,fig|287.6620.peg.3521
4091,PLF_286_00004882,hypothetical protein,fig|287.6612.peg.3304,fig|287.6618.peg.3337,fig|287.6617.peg.3166,,fig|287.6624.peg.4809,fig|287.6631.peg.3315,fig|287.6637.peg.2598,fig|287.6620.peg.3850
4093,PLF_286_00004884,hypothetical protein,fig|287.6612.peg.3367,fig|287.6618.peg.3400,fig|287.6617.peg.3230,,fig|287.6624.peg.4746,fig|287.6631.peg.3382,fig|287.6637.peg.2534,fig|287.6620.peg.3913