,Name
pae02020,Two-component system
paev02020,Two-component system
paei02020,Two-component system
pau02020,Two-component system
pap02020,Two-component system
pag02020,Two-component system
paf02020,Two-component system
pnc02020,Two-component system
paeb02020,Two-component system
pdk02020,Two-component system
psg02020,Two-component system
paes02020,Two-component system
paeu02020,Two-component system
paec02020,Two-component system
paeo02020,Two-component system
pae00970,Aminoacyl-tRNA biosynthesis
paev00970,Aminoacyl-tRNA biosynthesis
paei00970,Aminoacyl-tRNA biosynthesis
pau00970,Aminoacyl-tRNA biosynthesis
pap00970,Aminoacyl-tRNA biosynthesis
pag00970,Aminoacyl-tRNA biosynthesis
paf00970,Aminoacyl-tRNA biosynthesis
pnc00970,Aminoacyl-tRNA biosynthesis
pdk00970,Aminoacyl-tRNA biosynthesis
psg00970,Aminoacyl-tRNA biosynthesis
paeu00970,Aminoacyl-tRNA biosynthesis
paec00970,Aminoacyl-tRNA biosynthesis
paeo00970,Aminoacyl-tRNA biosynthesis
pau00550,Peptidoglycan biosynthesis
pau01100,Metabolic pathways
pap00550,Peptidoglycan biosynthesis
pap01100,Metabolic pathways
pag00550,Peptidoglycan biosynthesis
pag01100,Metabolic pathways
paf00550,Peptidoglycan biosynthesis
paf01100,Metabolic pathways
pnc00550,Peptidoglycan biosynthesis
pnc01100,Metabolic pathways
paeb00550,Peptidoglycan biosynthesis
paeb01100,Metabolic pathways
paeu00550,Peptidoglycan biosynthesis
paeu01100,Metabolic pathways
pae00785,Lipoic acid metabolism
pae01100,Metabolic pathways
pae01240,Biosynthesis of cofactors
paev00785,Lipoic acid metabolism
paev01100,Metabolic pathways
paev01240,Biosynthesis of cofactors
paei00785,Lipoic acid metabolism
paei01100,Metabolic pathways
paei01240,Biosynthesis of cofactors
pau00785,Lipoic acid metabolism
pau01240,Biosynthesis of cofactors
pae03030,DNA replication
pae03430,Mismatch repair
pae03440,Homologous recombination
paev03030,DNA replication
paev03430,Mismatch repair
paev03440,Homologous recombination
paei03030,DNA replication
paei03430,Mismatch repair
paei03440,Homologous recombination
pau03030,DNA replication
pau03430,Mismatch repair
pau03440,Homologous recombination
pap03030,DNA replication
pap03430,Mismatch repair
pap03440,Homologous recombination
pag03030,DNA replication
pag03430,Mismatch repair
pag03440,Homologous recombination
paf03030,DNA replication
paf03430,Mismatch repair
paf03440,Homologous recombination
pnc03030,DNA replication
pnc03430,Mismatch repair
pnc03440,Homologous recombination
paeb03030,DNA replication
paeb03430,Mismatch repair
paeb03440,Homologous recombination
pdk03030,DNA replication
pdk03430,Mismatch repair
pdk03440,Homologous recombination
psg03030,DNA replication
psg03430,Mismatch repair
psg03440,Homologous recombination
paeu03030,DNA replication
paeu03430,Mismatch repair
paeu03440,Homologous recombination
paec03030,DNA replication
paec03430,Mismatch repair
paec03440,Homologous recombination
paeo03030,DNA replication
paeo03430,Mismatch repair
paeo03440,Homologous recombination
paeb00970,Aminoacyl-tRNA biosynthesis
paem00970,Aminoacyl-tRNA biosynthesis
pael00970,Aminoacyl-tRNA biosynthesis
paeg00970,Aminoacyl-tRNA biosynthesis
pae00860,Porphyrin and chlorophyll metabolism
pae01110,Biosynthesis of secondary metabolites
pae01120,Microbial metabolism in diverse environments
paev00860,Porphyrin and chlorophyll metabolism
paev01110,Biosynthesis of secondary metabolites
paev01120,Microbial metabolism in diverse environments
paei00860,Porphyrin and chlorophyll metabolism
paei01110,Biosynthesis of secondary metabolites
paei01120,Microbial metabolism in diverse environments
pau00860,Porphyrin and chlorophyll metabolism
pau01110,Biosynthesis of secondary metabolites
pau01120,Microbial metabolism in diverse environments
pap00860,Porphyrin and chlorophyll metabolism
pap01110,Biosynthesis of secondary metabolites
pap01120,Microbial metabolism in diverse environments
pap01240,Biosynthesis of cofactors
pag00860,Porphyrin and chlorophyll metabolism
pag01110,Biosynthesis of secondary metabolites
pag01120,Microbial metabolism in diverse environments
pag01240,Biosynthesis of cofactors
paf00860,Porphyrin and chlorophyll metabolism
paf01110,Biosynthesis of secondary metabolites
paf01120,Microbial metabolism in diverse environments
paf01240,Biosynthesis of cofactors
pnc00860,Porphyrin and chlorophyll metabolism
pnc01110,Biosynthesis of secondary metabolites
pnc01120,Microbial metabolism in diverse environments
pnc01240,Biosynthesis of cofactors
paeb00860,Porphyrin and chlorophyll metabolism
paeb01110,Biosynthesis of secondary metabolites
paeb01120,Microbial metabolism in diverse environments
paeb01240,Biosynthesis of cofactors
paeo00860,Porphyrin and chlorophyll metabolism
paeo01100,Metabolic pathways
paeo01110,Biosynthesis of secondary metabolites
paeo01120,Microbial metabolism in diverse environments
paeo01240,Biosynthesis of cofactors
pae00730,Thiamine metabolism
paev00730,Thiamine metabolism
paei00730,Thiamine metabolism
pau00730,Thiamine metabolism
pap00730,Thiamine metabolism
pag00730,Thiamine metabolism
paf00730,Thiamine metabolism
pnc00730,Thiamine metabolism
paeb00730,Thiamine metabolism
pdk00730,Thiamine metabolism
pdk01100,Metabolic pathways
pdk01240,Biosynthesis of cofactors
psg00730,Thiamine metabolism
psg01100,Metabolic pathways
psg01240,Biosynthesis of cofactors
paeu00730,Thiamine metabolism
paeu01240,Biosynthesis of cofactors
pau00230,Purine metabolism
pau00920,Sulfur metabolism
pau00061,Fatty acid biosynthesis
pau00780,Biotin metabolism
pau01212,Fatty acid metabolism
paeo01040,Biosynthesis of unsaturated fatty acids
pau02010,ABC transporters
pae00430,Taurine and hypotaurine metabolism
pae00920,Sulfur metabolism
paev00430,Taurine and hypotaurine metabolism
paev00920,Sulfur metabolism
paei00430,Taurine and hypotaurine metabolism
paei00920,Sulfur metabolism
pau00430,Taurine and hypotaurine metabolism
pap00430,Taurine and hypotaurine metabolism
pap00920,Sulfur metabolism
pag00430,Taurine and hypotaurine metabolism
pag00920,Sulfur metabolism
paf00430,Taurine and hypotaurine metabolism
paf00920,Sulfur metabolism
pnc00430,Taurine and hypotaurine metabolism
pnc00920,Sulfur metabolism
paeb00430,Taurine and hypotaurine metabolism
paeb00920,Sulfur metabolism
pdk00430,Taurine and hypotaurine metabolism
pdk00920,Sulfur metabolism
psg00430,Taurine and hypotaurine metabolism
psg00920,Sulfur metabolism
prp00430,Taurine and hypotaurine metabolism
prp00920,Sulfur metabolism
paem00430,Taurine and hypotaurine metabolism
paem00920,Sulfur metabolism
pael00430,Taurine and hypotaurine metabolism
pael00920,Sulfur metabolism
paeo00430,Taurine and hypotaurine metabolism
paeo00920,Sulfur metabolism
pau00071,Fatty acid degradation
pau00280,"Valine, leucine and isoleucine degradation"
pau00310,Lysine degradation
pau00362,Benzoate degradation
pau00380,Tryptophan metabolism
pau00620,Pyruvate metabolism
pau00630,Glyoxylate and dicarboxylate metabolism
pau00650,Butanoate metabolism
pau00900,Terpenoid backbone biosynthesis
pau01200,Carbon metabolism
pae00790,Folate biosynthesis
pae04122,Sulfur relay system
paev00790,Folate biosynthesis
paev04122,Sulfur relay system
paei00790,Folate biosynthesis
paei04122,Sulfur relay system
pau00790,Folate biosynthesis
pau04122,Sulfur relay system
pap00790,Folate biosynthesis
pap04122,Sulfur relay system
pag00790,Folate biosynthesis
pag04122,Sulfur relay system
paf00790,Folate biosynthesis
paf04122,Sulfur relay system
pnc00790,Folate biosynthesis
pnc04122,Sulfur relay system
paeb00790,Folate biosynthesis
paeb04122,Sulfur relay system
pdk00790,Folate biosynthesis
pdk04122,Sulfur relay system
psg00790,Folate biosynthesis
psg04122,Sulfur relay system
prp00790,Folate biosynthesis
prp01100,Metabolic pathways
prp01240,Biosynthesis of cofactors
prp04122,Sulfur relay system
paep00790,Folate biosynthesis
paep01100,Metabolic pathways
paep01240,Biosynthesis of cofactors
paep04122,Sulfur relay system
paem00790,Folate biosynthesis
paem01100,Metabolic pathways
paem01240,Biosynthesis of cofactors
paem04122,Sulfur relay system
pael00790,Folate biosynthesis
pael01100,Metabolic pathways
pael01240,Biosynthesis of cofactors
pael04122,Sulfur relay system
paeu00790,Folate biosynthesis
paeu04122,Sulfur relay system
paeg00790,Folate biosynthesis
paeg01100,Metabolic pathways
paeg01240,Biosynthesis of cofactors
paeg04122,Sulfur relay system
paec00790,Folate biosynthesis
paec01100,Metabolic pathways
paec01240,Biosynthesis of cofactors
paec04122,Sulfur relay system
paeo00790,Folate biosynthesis
paeo04122,Sulfur relay system
pnc03410,Base excision repair
paeu03410,Base excision repair
paec03410,Base excision repair
paeo03410,Base excision repair
pau00910,Nitrogen metabolism
pae00910,Nitrogen metabolism
pap00910,Nitrogen metabolism
pag00910,Nitrogen metabolism
paf00910,Nitrogen metabolism
pnc00910,Nitrogen metabolism
paeb00910,Nitrogen metabolism
paev00910,Nitrogen metabolism
paei00910,Nitrogen metabolism
pae00190,Oxidative phosphorylation
pau00190,Oxidative phosphorylation
pag00190,Oxidative phosphorylation
paf00190,Oxidative phosphorylation
pnc00190,Oxidative phosphorylation
paeb00190,Oxidative phosphorylation
paeu00190,Oxidative phosphorylation
pae00564,Glycerophospholipid metabolism
pau00564,Glycerophospholipid metabolism
pag00564,Glycerophospholipid metabolism
paf00564,Glycerophospholipid metabolism
pnc00564,Glycerophospholipid metabolism
paeb00564,Glycerophospholipid metabolism
paeu00564,Glycerophospholipid metabolism
paeu01110,Biosynthesis of secondary metabolites
pap00190,Oxidative phosphorylation
pae00480,Glutathione metabolism
paev00480,Glutathione metabolism
paei00480,Glutathione metabolism
pau00480,Glutathione metabolism
pag00480,Glutathione metabolism
paf00480,Glutathione metabolism
pnc00480,Glutathione metabolism
paeb00480,Glutathione metabolism
paeu00480,Glutathione metabolism
paec00480,Glutathione metabolism
paeo00480,Glutathione metabolism
pau00540,Lipopolysaccharide biosynthesis
pae03060,Protein export
pae03070,Bacterial secretion system
paev03060,Protein export
paev03070,Bacterial secretion system
paei03060,Protein export
paei03070,Bacterial secretion system
pau03060,Protein export
pau03070,Bacterial secretion system
pap03060,Protein export
pap03070,Bacterial secretion system
pag03060,Protein export
pag03070,Bacterial secretion system
paf03060,Protein export
paf03070,Bacterial secretion system
pnc03060,Protein export
pnc03070,Bacterial secretion system
paeb03060,Protein export
paeb03070,Bacterial secretion system
pdk03060,Protein export
pdk03070,Bacterial secretion system
psg03060,Protein export
psg03070,Bacterial secretion system
prp03060,Protein export
prp03070,Bacterial secretion system
paep03060,Protein export
paep03070,Bacterial secretion system
paem03060,Protein export
paem03070,Bacterial secretion system
pael03060,Protein export
pael03070,Bacterial secretion system
paeg03060,Protein export
paeg03070,Bacterial secretion system
paec03060,Protein export
paec03070,Bacterial secretion system
paeo03060,Protein export
paeo03070,Bacterial secretion system
paeu03060,Protein export
paeu03070,Bacterial secretion system
pae00270,Cysteine and methionine metabolism
pae01200,Carbon metabolism
pae01230,Biosynthesis of amino acids
paev00270,Cysteine and methionine metabolism
paev01200,Carbon metabolism
paev01230,Biosynthesis of amino acids
paei00270,Cysteine and methionine metabolism
paei01200,Carbon metabolism
paei01230,Biosynthesis of amino acids
pau00270,Cysteine and methionine metabolism
pau01230,Biosynthesis of amino acids
pag00270,Cysteine and methionine metabolism
pag01200,Carbon metabolism
pag01230,Biosynthesis of amino acids
paf00270,Cysteine and methionine metabolism
paf01200,Carbon metabolism
paf01230,Biosynthesis of amino acids
pnc00270,Cysteine and methionine metabolism
pnc01200,Carbon metabolism
pnc01230,Biosynthesis of amino acids
paeb00270,Cysteine and methionine metabolism
paeb01200,Carbon metabolism
paeb01230,Biosynthesis of amino acids
pae00230,Purine metabolism
pae00240,Pyrimidine metabolism
paev00230,Purine metabolism
paev00240,Pyrimidine metabolism
paei00230,Purine metabolism
paei00240,Pyrimidine metabolism
pau00240,Pyrimidine metabolism
pap00230,Purine metabolism
pap00240,Pyrimidine metabolism
pag00230,Purine metabolism
pag00240,Pyrimidine metabolism
paf00230,Purine metabolism
paf00240,Pyrimidine metabolism
pnc00230,Purine metabolism
pnc00240,Pyrimidine metabolism
paeb00230,Purine metabolism
paeb00240,Pyrimidine metabolism
psg00230,Purine metabolism
psg00240,Pyrimidine metabolism
psg01110,Biosynthesis of secondary metabolites
pau00250,"Alanine, aspartate and glutamate metabolism"
paeu00290,"Valine, leucine and isoleucine biosynthesis"
paeu00620,Pyruvate metabolism
paeu01210,2-Oxocarboxylic acid metabolism
paeu01230,Biosynthesis of amino acids
paec00290,"Valine, leucine and isoleucine biosynthesis"
paec00620,Pyruvate metabolism
paec01110,Biosynthesis of secondary metabolites
paec01210,2-Oxocarboxylic acid metabolism
paec01230,Biosynthesis of amino acids
paeo00290,"Valine, leucine and isoleucine biosynthesis"
paeo00620,Pyruvate metabolism
paeo01210,2-Oxocarboxylic acid metabolism
paeo01230,Biosynthesis of amino acids
pau01502,Vancomycin resistance
paeu00230,Purine metabolism
paec00230,Purine metabolism
paeo00230,Purine metabolism
pdk00230,Purine metabolism
prp00230,Purine metabolism
paep00230,Purine metabolism
paem00230,Purine metabolism
pael00230,Purine metabolism
paeg00230,Purine metabolism
pau02024,Quorum sensing
pap02024,Quorum sensing
pau00520,Amino sugar and nucleotide sugar metabolism
pae02024,Quorum sensing
paev02024,Quorum sensing
paei02024,Quorum sensing
pag02024,Quorum sensing
paf02024,Quorum sensing
pnc02024,Quorum sensing
paeb02024,Quorum sensing
paec02024,Quorum sensing
paeo02024,Quorum sensing
pae03010,Ribosome
paev03010,Ribosome
paei03010,Ribosome
pau03010,Ribosome
pap03010,Ribosome
pag03010,Ribosome
paf03010,Ribosome
pnc03010,Ribosome
paeb03010,Ribosome
pdk03010,Ribosome
psg03010,Ribosome
prp03010,Ribosome
paep03010,Ribosome
paem03010,Ribosome
pael03010,Ribosome
paeu03010,Ribosome
paeg03010,Ribosome
paec03010,Ribosome
paeo03010,Ribosome
pae00260,"Glycine, serine and threonine metabolism"
pae00300,Lysine biosynthesis
pau00260,"Glycine, serine and threonine metabolism"
pau00300,Lysine biosynthesis
pap00260,"Glycine, serine and threonine metabolism"
pap00270,Cysteine and methionine metabolism
pap00300,Lysine biosynthesis
pap01230,Biosynthesis of amino acids
pag00260,"Glycine, serine and threonine metabolism"
pag00300,Lysine biosynthesis
paf00260,"Glycine, serine and threonine metabolism"
paf00300,Lysine biosynthesis
pnc00260,"Glycine, serine and threonine metabolism"
pnc00300,Lysine biosynthesis
paeb00260,"Glycine, serine and threonine metabolism"
paeb00300,Lysine biosynthesis
pae00750,Vitamin B6 metabolism
paev00260,"Glycine, serine and threonine metabolism"
paev00750,Vitamin B6 metabolism
paei00260,"Glycine, serine and threonine metabolism"
paei00750,Vitamin B6 metabolism
pau00750,Vitamin B6 metabolism
pap00750,Vitamin B6 metabolism
pag00750,Vitamin B6 metabolism
paf00750,Vitamin B6 metabolism
pnc00750,Vitamin B6 metabolism
paeb00750,Vitamin B6 metabolism
paeu00260,"Glycine, serine and threonine metabolism"
paeu00750,Vitamin B6 metabolism
paeu01120,Microbial metabolism in diverse environments
paec00260,"Glycine, serine and threonine metabolism"
paec00750,Vitamin B6 metabolism
paec01120,Microbial metabolism in diverse environments
paeo00260,"Glycine, serine and threonine metabolism"
paeo00750,Vitamin B6 metabolism
pae03410,Base excision repair
paev03410,Base excision repair
paei03410,Base excision repair
pau03410,Base excision repair
pap03410,Base excision repair
pag03410,Base excision repair
paf03410,Base excision repair
paeb03410,Base excision repair
pae01503,Cationic antimicrobial peptide (CAMP) resistance
paev01503,Cationic antimicrobial peptide (CAMP) resistance
paei01503,Cationic antimicrobial peptide (CAMP) resistance
pau01503,Cationic antimicrobial peptide (CAMP) resistance
pap01503,Cationic antimicrobial peptide (CAMP) resistance
pag01503,Cationic antimicrobial peptide (CAMP) resistance
paf01503,Cationic antimicrobial peptide (CAMP) resistance
pnc01503,Cationic antimicrobial peptide (CAMP) resistance
paeb01503,Cationic antimicrobial peptide (CAMP) resistance
paec01503,Cationic antimicrobial peptide (CAMP) resistance
paeo01503,Cationic antimicrobial peptide (CAMP) resistance
pau01501,beta-Lactam resistance
pau00330,Arginine and proline metabolism
pau00410,beta-Alanine metabolism
paeu02025,Biofilm formation - Pseudomonas aeruginosa
pau02025,Biofilm formation - Pseudomonas aeruginosa
pae02025,Biofilm formation - Pseudomonas aeruginosa
pag02025,Biofilm formation - Pseudomonas aeruginosa
paf02025,Biofilm formation - Pseudomonas aeruginosa
pnc02025,Biofilm formation - Pseudomonas aeruginosa
paeb02025,Biofilm formation - Pseudomonas aeruginosa
pdk01110,Biosynthesis of secondary metabolites
paec00730,Thiamine metabolism
paeo00730,Thiamine metabolism
pae00561,Glycerolipid metabolism
paev00561,Glycerolipid metabolism
paev00564,Glycerophospholipid metabolism
paei00561,Glycerolipid metabolism
paei00564,Glycerophospholipid metabolism
pau00561,Glycerolipid metabolism
pap00561,Glycerolipid metabolism
pap00564,Glycerophospholipid metabolism
pag00561,Glycerolipid metabolism
paf00561,Glycerolipid metabolism
pnc00561,Glycerolipid metabolism
paeb00561,Glycerolipid metabolism
paeu00561,Glycerolipid metabolism
paec00561,Glycerolipid metabolism
paec00564,Glycerophospholipid metabolism
paeo00561,Glycerolipid metabolism
paeo00564,Glycerophospholipid metabolism
pau00562,Inositol phosphate metabolism
pau00640,Propanoate metabolism
paeu00300,Lysine biosynthesis
paec00300,Lysine biosynthesis
paeo00300,Lysine biosynthesis
pdk00240,Pyrimidine metabolism
paec00240,Pyrimidine metabolism
paeo00240,Pyrimidine metabolism
pae00550,Peptidoglycan biosynthesis
pae00900,Terpenoid backbone biosynthesis
paev00550,Peptidoglycan biosynthesis
paev00900,Terpenoid backbone biosynthesis
paei00550,Peptidoglycan biosynthesis
paei00900,Terpenoid backbone biosynthesis
pap00900,Terpenoid backbone biosynthesis
pag00900,Terpenoid backbone biosynthesis
paf00900,Terpenoid backbone biosynthesis
pnc00900,Terpenoid backbone biosynthesis
paeb00900,Terpenoid backbone biosynthesis
paec00550,Peptidoglycan biosynthesis
paec00900,Terpenoid backbone biosynthesis
paeo00550,Peptidoglycan biosynthesis
paeo00900,Terpenoid backbone biosynthesis
paeb00280,"Valine, leucine and isoleucine degradation"
paeb00410,beta-Alanine metabolism
paeb00640,Propanoate metabolism
pae00540,Lipopolysaccharide biosynthesis
paev00540,Lipopolysaccharide biosynthesis
paei00540,Lipopolysaccharide biosynthesis
pap00540,Lipopolysaccharide biosynthesis
pag00540,Lipopolysaccharide biosynthesis
paf00540,Lipopolysaccharide biosynthesis
pnc00540,Lipopolysaccharide biosynthesis
paeb00540,Lipopolysaccharide biosynthesis
pdk00540,Lipopolysaccharide biosynthesis
psg00540,Lipopolysaccharide biosynthesis
paeu00540,Lipopolysaccharide biosynthesis
paec00540,Lipopolysaccharide biosynthesis
paeo00540,Lipopolysaccharide biosynthesis
pae00061,Fatty acid biosynthesis
pae00780,Biotin metabolism
pae01212,Fatty acid metabolism
paev00061,Fatty acid biosynthesis
paev00780,Biotin metabolism
paev01212,Fatty acid metabolism
paei00061,Fatty acid biosynthesis
paei00780,Biotin metabolism
paei01212,Fatty acid metabolism
pap00061,Fatty acid biosynthesis
pap00780,Biotin metabolism
pap01212,Fatty acid metabolism
pag00061,Fatty acid biosynthesis
pag00780,Biotin metabolism
pag01212,Fatty acid metabolism
paf00061,Fatty acid biosynthesis
paf00780,Biotin metabolism
paf01212,Fatty acid metabolism
pnc00061,Fatty acid biosynthesis
pnc00780,Biotin metabolism
pnc01212,Fatty acid metabolism
paeb00061,Fatty acid biosynthesis
paeb00780,Biotin metabolism
paeb01212,Fatty acid metabolism
pdk00061,Fatty acid biosynthesis
pdk00780,Biotin metabolism
pdk01212,Fatty acid metabolism
psg00061,Fatty acid biosynthesis
psg00780,Biotin metabolism
psg01212,Fatty acid metabolism
paeu00061,Fatty acid biosynthesis
paeu00780,Biotin metabolism
paeu01212,Fatty acid metabolism
paec00061,Fatty acid biosynthesis
paec00780,Biotin metabolism
paec01212,Fatty acid metabolism
paeo00061,Fatty acid biosynthesis
paeo00780,Biotin metabolism
paeo01212,Fatty acid metabolism
paeu01503,Cationic antimicrobial peptide (CAMP) resistance
prp03030,DNA replication
paep03030,DNA replication
paem03030,DNA replication
pael03030,DNA replication
paeg03030,DNA replication
paeb00620,Pyruvate metabolism
pae00010,Glycolysis / Gluconeogenesis
pae00680,Methane metabolism
pae03018,RNA degradation
paev00010,Glycolysis / Gluconeogenesis
paev00680,Methane metabolism
paev03018,RNA degradation
paei00010,Glycolysis / Gluconeogenesis
paei00680,Methane metabolism
paei03018,RNA degradation
pau00010,Glycolysis / Gluconeogenesis
pau00680,Methane metabolism
pau03018,RNA degradation
pap00010,Glycolysis / Gluconeogenesis
pap00680,Methane metabolism
pap01200,Carbon metabolism
pap03018,RNA degradation
pag00010,Glycolysis / Gluconeogenesis
pag00680,Methane metabolism
pag03018,RNA degradation
paf00010,Glycolysis / Gluconeogenesis
paf00680,Methane metabolism
paf03018,RNA degradation
pnc00010,Glycolysis / Gluconeogenesis
pnc00680,Methane metabolism
pnc03018,RNA degradation
paeb00010,Glycolysis / Gluconeogenesis
paeb00680,Methane metabolism
paeb03018,RNA degradation
pdk00010,Glycolysis / Gluconeogenesis
pdk00680,Methane metabolism
pdk01120,Microbial metabolism in diverse environments
pdk01200,Carbon metabolism
pdk01230,Biosynthesis of amino acids
pdk03018,RNA degradation
psg00010,Glycolysis / Gluconeogenesis
psg00680,Methane metabolism
psg01120,Microbial metabolism in diverse environments
psg01200,Carbon metabolism
psg01230,Biosynthesis of amino acids
psg03018,RNA degradation
prp00010,Glycolysis / Gluconeogenesis
prp00680,Methane metabolism
prp01110,Biosynthesis of secondary metabolites
prp01120,Microbial metabolism in diverse environments
prp01200,Carbon metabolism
prp01230,Biosynthesis of amino acids
prp03018,RNA degradation
paep00010,Glycolysis / Gluconeogenesis
paep00680,Methane metabolism
paep01110,Biosynthesis of secondary metabolites
paep01120,Microbial metabolism in diverse environments
paep01200,Carbon metabolism
paep01230,Biosynthesis of amino acids
paep03018,RNA degradation
paem00010,Glycolysis / Gluconeogenesis
paem00680,Methane metabolism
paem01110,Biosynthesis of secondary metabolites
paem01120,Microbial metabolism in diverse environments
paem01200,Carbon metabolism
paem01230,Biosynthesis of amino acids
paem03018,RNA degradation
pael00010,Glycolysis / Gluconeogenesis
pael00680,Methane metabolism
pael01110,Biosynthesis of secondary metabolites
pael01120,Microbial metabolism in diverse environments
pael01200,Carbon metabolism
pael01230,Biosynthesis of amino acids
pael03018,RNA degradation
paeu00010,Glycolysis / Gluconeogenesis
paeu00680,Methane metabolism
paeu01200,Carbon metabolism
paeu03018,RNA degradation
paeg00010,Glycolysis / Gluconeogenesis
paeg00680,Methane metabolism
paeg01110,Biosynthesis of secondary metabolites
paeg01120,Microbial metabolism in diverse environments
paeg01200,Carbon metabolism
paeg01230,Biosynthesis of amino acids
paeg03018,RNA degradation
paec00010,Glycolysis / Gluconeogenesis
paec00680,Methane metabolism
paec01200,Carbon metabolism
paec03018,RNA degradation
paeo00010,Glycolysis / Gluconeogenesis
paeo00680,Methane metabolism
paeo01200,Carbon metabolism
paeo03018,RNA degradation
pdk00900,Terpenoid backbone biosynthesis
psg00900,Terpenoid backbone biosynthesis
prp00900,Terpenoid backbone biosynthesis
paep00900,Terpenoid backbone biosynthesis
paem00900,Terpenoid backbone biosynthesis
pael00900,Terpenoid backbone biosynthesis
paeu00900,Terpenoid backbone biosynthesis
paeg00900,Terpenoid backbone biosynthesis
pae00760,Nicotinate and nicotinamide metabolism
paev00760,Nicotinate and nicotinamide metabolism
paei00760,Nicotinate and nicotinamide metabolism
pau00760,Nicotinate and nicotinamide metabolism
pap00760,Nicotinate and nicotinamide metabolism
pag00760,Nicotinate and nicotinamide metabolism
paf00760,Nicotinate and nicotinamide metabolism
pnc00760,Nicotinate and nicotinamide metabolism
paeb00760,Nicotinate and nicotinamide metabolism
pdk00760,Nicotinate and nicotinamide metabolism
psg00760,Nicotinate and nicotinamide metabolism
paeu00240,Pyrimidine metabolism
paeu00760,Nicotinate and nicotinamide metabolism
paec00760,Nicotinate and nicotinamide metabolism
paeo00760,Nicotinate and nicotinamide metabolism
pae02010,ABC transporters
pap02010,ABC transporters
pag02010,ABC transporters
paf02010,ABC transporters
pnc02010,ABC transporters
paeb02010,ABC transporters
paeu02010,ABC transporters
prp02010,ABC transporters
paem02010,ABC transporters
paes02024,Quorum sensing
pau00360,Phenylalanine metabolism
pdk00561,Glycerolipid metabolism
psg00561,Glycerolipid metabolism
prp00561,Glycerolipid metabolism
paep00561,Glycerolipid metabolism
paem00561,Glycerolipid metabolism
pael00561,Glycerolipid metabolism
paeg00561,Glycerolipid metabolism
pae00280,"Valine, leucine and isoleucine degradation"
pae00410,beta-Alanine metabolism
pae00562,Inositol phosphate metabolism
pae00640,Propanoate metabolism
paev00280,"Valine, leucine and isoleucine degradation"
paev00410,beta-Alanine metabolism
paev00562,Inositol phosphate metabolism
paev00640,Propanoate metabolism
paei00280,"Valine, leucine and isoleucine degradation"
paei00410,beta-Alanine metabolism
paei00562,Inositol phosphate metabolism
paei00640,Propanoate metabolism
pap00280,"Valine, leucine and isoleucine degradation"
pap00410,beta-Alanine metabolism
pap00562,Inositol phosphate metabolism
pap00640,Propanoate metabolism
pag00280,"Valine, leucine and isoleucine degradation"
pag00410,beta-Alanine metabolism
pag00562,Inositol phosphate metabolism
pag00640,Propanoate metabolism
paf00280,"Valine, leucine and isoleucine degradation"
paf00410,beta-Alanine metabolism
paf00562,Inositol phosphate metabolism
paf00640,Propanoate metabolism
pnc00280,"Valine, leucine and isoleucine degradation"
pnc00410,beta-Alanine metabolism
pnc00562,Inositol phosphate metabolism
pnc00640,Propanoate metabolism
paeb00562,Inositol phosphate metabolism
paeu00280,"Valine, leucine and isoleucine degradation"
paeu00410,beta-Alanine metabolism
paeu00562,Inositol phosphate metabolism
paeu00640,Propanoate metabolism
paec00280,"Valine, leucine and isoleucine degradation"
paec00410,beta-Alanine metabolism
paec00562,Inositol phosphate metabolism
paec00640,Propanoate metabolism
paeo00280,"Valine, leucine and isoleucine degradation"
paeo00410,beta-Alanine metabolism
paeo00562,Inositol phosphate metabolism
paeo00640,Propanoate metabolism
pae00051,Fructose and mannose metabolism
pae02060,Phosphotransferase system (PTS)
pau00051,Fructose and mannose metabolism
pau02060,Phosphotransferase system (PTS)
pag00051,Fructose and mannose metabolism
pag02060,Phosphotransferase system (PTS)
paf00051,Fructose and mannose metabolism
paf02060,Phosphotransferase system (PTS)
pnc00051,Fructose and mannose metabolism
pnc02060,Phosphotransferase system (PTS)
paeb00051,Fructose and mannose metabolism
paeb02060,Phosphotransferase system (PTS)
pap00051,Fructose and mannose metabolism
pap02060,Phosphotransferase system (PTS)
paeu00051,Fructose and mannose metabolism
paeu02060,Phosphotransferase system (PTS)
pau00040,Pentose and glucuronate interconversions
pau00053,Ascorbate and aldarate metabolism
pau00541,O-Antigen nucleotide sugar biosynthesis
pdk01503,Cationic antimicrobial peptide (CAMP) resistance
psg01503,Cationic antimicrobial peptide (CAMP) resistance
pae00520,Amino sugar and nucleotide sugar metabolism
pae00541,O-Antigen nucleotide sugar biosynthesis
pag00520,Amino sugar and nucleotide sugar metabolism
pag00541,O-Antigen nucleotide sugar biosynthesis
paf00520,Amino sugar and nucleotide sugar metabolism
paf00541,O-Antigen nucleotide sugar biosynthesis
pnc00520,Amino sugar and nucleotide sugar metabolism
pnc00541,O-Antigen nucleotide sugar biosynthesis
paeb00520,Amino sugar and nucleotide sugar metabolism
paeb00541,O-Antigen nucleotide sugar biosynthesis
paeu00520,Amino sugar and nucleotide sugar metabolism
paeu00541,O-Antigen nucleotide sugar biosynthesis
paev00051,Fructose and mannose metabolism
paei00051,Fructose and mannose metabolism
pdk00051,Fructose and mannose metabolism
psg00051,Fructose and mannose metabolism
prp00051,Fructose and mannose metabolism
paep00051,Fructose and mannose metabolism
paem00051,Fructose and mannose metabolism
pael00051,Fructose and mannose metabolism
paeg00051,Fructose and mannose metabolism
paec00051,Fructose and mannose metabolism
paeo00051,Fructose and mannose metabolism
paev00520,Amino sugar and nucleotide sugar metabolism
paei00520,Amino sugar and nucleotide sugar metabolism
pap00520,Amino sugar and nucleotide sugar metabolism
paec00520,Amino sugar and nucleotide sugar metabolism
paeo00520,Amino sugar and nucleotide sugar metabolism
pae00220,Arginine biosynthesis
paev00220,Arginine biosynthesis
paei00220,Arginine biosynthesis
pau00220,Arginine biosynthesis
pag00220,Arginine biosynthesis
paf00220,Arginine biosynthesis
pnc00220,Arginine biosynthesis
paeb00220,Arginine biosynthesis
paeu00220,Arginine biosynthesis
paec00220,Arginine biosynthesis
paeo00220,Arginine biosynthesis
paeu00860,Porphyrin and chlorophyll metabolism
pau02040,Flagellar assembly
pae00250,"Alanine, aspartate and glutamate metabolism"
paeu00250,"Alanine, aspartate and glutamate metabolism"
paec00250,"Alanine, aspartate and glutamate metabolism"
paeo00250,"Alanine, aspartate and glutamate metabolism"
pae00620,Pyruvate metabolism
paeo00450,Selenocompound metabolism
paep00240,Pyrimidine metabolism
pap02025,Biofilm formation - Pseudomonas aeruginosa
paeu02024,Quorum sensing
pae00400,"Phenylalanine, tyrosine and tryptophan biosynthesis"
paev00400,"Phenylalanine, tyrosine and tryptophan biosynthesis"
paei00400,"Phenylalanine, tyrosine and tryptophan biosynthesis"
pau00400,"Phenylalanine, tyrosine and tryptophan biosynthesis"
pap00400,"Phenylalanine, tyrosine and tryptophan biosynthesis"
pag00400,"Phenylalanine, tyrosine and tryptophan biosynthesis"
pau00670,One carbon pool by folate
pau00281,Geraniol degradation
pau00627,Aminobenzoate degradation
pau00903,Limonene and pinene degradation
pau00930,Caprolactam degradation
pae00290,"Valine, leucine and isoleucine biosynthesis"
paev00290,"Valine, leucine and isoleucine biosynthesis"
paei00290,"Valine, leucine and isoleucine biosynthesis"
pau00290,"Valine, leucine and isoleucine biosynthesis"
pap00290,"Valine, leucine and isoleucine biosynthesis"
pag00290,"Valine, leucine and isoleucine biosynthesis"
paf00290,"Valine, leucine and isoleucine biosynthesis"
pnc00290,"Valine, leucine and isoleucine biosynthesis"
paeb00290,"Valine, leucine and isoleucine biosynthesis"
paev02010,ABC transporters
paei02010,ABC transporters
paeu00440,Phosphonate and phosphinate metabolism
paec00440,Phosphonate and phosphinate metabolism
paeo00440,Phosphonate and phosphinate metabolism
paev00440,Phosphonate and phosphinate metabolism
paei00440,Phosphonate and phosphinate metabolism
pau00440,Phosphonate and phosphinate metabolism
pag00440,Phosphonate and phosphinate metabolism
paf00440,Phosphonate and phosphinate metabolism
pnc00440,Phosphonate and phosphinate metabolism
paeb00440,Phosphonate and phosphinate metabolism
pdk00440,Phosphonate and phosphinate metabolism
psg00440,Phosphonate and phosphinate metabolism
pap00440,Phosphonate and phosphinate metabolism
paeb00030,Pentose phosphate pathway
paeu00030,Pentose phosphate pathway
paec00030,Pentose phosphate pathway
paeo00030,Pentose phosphate pathway
paei00330,Arginine and proline metabolism
paei00360,Phenylalanine metabolism
paei00380,Tryptophan metabolism
paei00627,Aminobenzoate degradation
paei00643,Styrene degradation
pau00643,Styrene degradation
pap00330,Arginine and proline metabolism
pap00360,Phenylalanine metabolism
pap00380,Tryptophan metabolism
pap00627,Aminobenzoate degradation
pap00643,Styrene degradation
pag00330,Arginine and proline metabolism
pag00360,Phenylalanine metabolism
pag00380,Tryptophan metabolism
pag00627,Aminobenzoate degradation
pag00643,Styrene degradation
paf00330,Arginine and proline metabolism
paf00360,Phenylalanine metabolism
paf00380,Tryptophan metabolism
paf00627,Aminobenzoate degradation
paf00643,Styrene degradation
pnc00330,Arginine and proline metabolism
pnc00360,Phenylalanine metabolism
pnc00380,Tryptophan metabolism
pnc00627,Aminobenzoate degradation
pnc00643,Styrene degradation
paeb00330,Arginine and proline metabolism
paeb00360,Phenylalanine metabolism
paeb00380,Tryptophan metabolism
paeb00627,Aminobenzoate degradation
paeb00643,Styrene degradation
pdk00330,Arginine and proline metabolism
pdk00360,Phenylalanine metabolism
pdk00380,Tryptophan metabolism
pdk00627,Aminobenzoate degradation
pdk00643,Styrene degradation
psg00330,Arginine and proline metabolism
psg00360,Phenylalanine metabolism
psg00380,Tryptophan metabolism
psg00627,Aminobenzoate degradation
psg00643,Styrene degradation
prp00330,Arginine and proline metabolism
prp00360,Phenylalanine metabolism
prp00380,Tryptophan metabolism
prp00627,Aminobenzoate degradation
prp00643,Styrene degradation
paep00330,Arginine and proline metabolism
paep00360,Phenylalanine metabolism
paep00380,Tryptophan metabolism
paep00627,Aminobenzoate degradation
paep00643,Styrene degradation
paem00330,Arginine and proline metabolism
paem00360,Phenylalanine metabolism
paem00380,Tryptophan metabolism
paem00627,Aminobenzoate degradation
paem00643,Styrene degradation
pael00330,Arginine and proline metabolism
pael00360,Phenylalanine metabolism
pael00380,Tryptophan metabolism
pael00627,Aminobenzoate degradation
pael00643,Styrene degradation
paeu00330,Arginine and proline metabolism
paeu00360,Phenylalanine metabolism
paeu00380,Tryptophan metabolism
paeu00627,Aminobenzoate degradation
paeu00643,Styrene degradation
paeg00330,Arginine and proline metabolism
paeg00360,Phenylalanine metabolism
paeg00380,Tryptophan metabolism
paeg00627,Aminobenzoate degradation
paeg00643,Styrene degradation
paec00330,Arginine and proline metabolism
paec00360,Phenylalanine metabolism
paec00380,Tryptophan metabolism
paec00627,Aminobenzoate degradation
paec00643,Styrene degradation
paeo00330,Arginine and proline metabolism
paeo00360,Phenylalanine metabolism
paeo00380,Tryptophan metabolism
paeo00627,Aminobenzoate degradation
paeo00643,Styrene degradation
paeb02040,Flagellar assembly
paeu02040,Flagellar assembly
paec02025,Biofilm formation - Pseudomonas aeruginosa
paec02040,Flagellar assembly
paeo02025,Biofilm formation - Pseudomonas aeruginosa
paeo02040,Flagellar assembly
paev02040,Flagellar assembly
paei02040,Flagellar assembly
pag02040,Flagellar assembly
paf02040,Flagellar assembly
pnc02040,Flagellar assembly
pdk02040,Flagellar assembly
psg02040,Flagellar assembly
pau02030,Bacterial chemotaxis
pae00565,Ether lipid metabolism
pau00565,Ether lipid metabolism
pag00565,Ether lipid metabolism
paf00565,Ether lipid metabolism
pnc00565,Ether lipid metabolism
paeb00565,Ether lipid metabolism
paeu00565,Ether lipid metabolism
pap00071,Fatty acid degradation
pag00071,Fatty acid degradation
paf00071,Fatty acid degradation
pnc00071,Fatty acid degradation
paeb00071,Fatty acid degradation
paeu00071,Fatty acid degradation
pae00071,Fatty acid degradation
pau00130,Ubiquinone and other terpenoid-quinone biosynthesis
prp00750,Vitamin B6 metabolism
paep00750,Vitamin B6 metabolism
paeg00750,Vitamin B6 metabolism
pae00030,Pentose phosphate pathway
paev00030,Pentose phosphate pathway
paei00030,Pentose phosphate pathway
pau00030,Pentose phosphate pathway
pap00030,Pentose phosphate pathway
pag00030,Pentose phosphate pathway
paf00030,Pentose phosphate pathway
pnc00030,Pentose phosphate pathway
psg00052,Galactose metabolism
psg00500,Starch and sucrose metabolism
psg00520,Amino sugar and nucleotide sugar metabolism
psg00521,Streptomycin biosynthesis
paeu00052,Galactose metabolism
paeu00500,Starch and sucrose metabolism
paeu00521,Streptomycin biosynthesis
paec00052,Galactose metabolism
paec00500,Starch and sucrose metabolism
paec00521,Streptomycin biosynthesis
paeo00052,Galactose metabolism
paeo00500,Starch and sucrose metabolism
paeo00521,Streptomycin biosynthesis
pau00340,Histidine metabolism
paeu00270,Cysteine and methionine metabolism
paec00270,Cysteine and methionine metabolism
paeo00270,Cysteine and methionine metabolism
paf00400,"Phenylalanine, tyrosine and tryptophan biosynthesis"
pnc00400,"Phenylalanine, tyrosine and tryptophan biosynthesis"
paeb00400,"Phenylalanine, tyrosine and tryptophan biosynthesis"
paeu00400,"Phenylalanine, tyrosine and tryptophan biosynthesis"
paec00400,"Phenylalanine, tyrosine and tryptophan biosynthesis"
paeo00400,"Phenylalanine, tyrosine and tryptophan biosynthesis"
pae00340,Histidine metabolism
pae00350,Tyrosine metabolism
pae00360,Phenylalanine metabolism
pae00401,Novobiocin biosynthesis
pau00350,Tyrosine metabolism
pau00401,Novobiocin biosynthesis
pap00340,Histidine metabolism
pap00350,Tyrosine metabolism
pap00401,Novobiocin biosynthesis
pag00340,Histidine metabolism
pag00350,Tyrosine metabolism
pag00401,Novobiocin biosynthesis
paf00340,Histidine metabolism
paf00350,Tyrosine metabolism
paf00401,Novobiocin biosynthesis
pnc00340,Histidine metabolism
pnc00350,Tyrosine metabolism
pnc00401,Novobiocin biosynthesis
paeb00340,Histidine metabolism
paeb00350,Tyrosine metabolism
paeb00401,Novobiocin biosynthesis
paeu00340,Histidine metabolism
paeu00350,Tyrosine metabolism
paeu00401,Novobiocin biosynthesis
paeu03420,Nucleotide excision repair
paec03420,Nucleotide excision repair
paeo03420,Nucleotide excision repair
pau00770,Pantothenate and CoA biosynthesis
paeb00770,Pantothenate and CoA biosynthesis
pdk00860,Porphyrin and chlorophyll metabolism
psg00860,Porphyrin and chlorophyll metabolism
paec00860,Porphyrin and chlorophyll metabolism
pnc00630,Glyoxylate and dicarboxylate metabolism
paeb00630,Glyoxylate and dicarboxylate metabolism
pae00660,C5-Branched dibasic acid metabolism
pae01210,2-Oxocarboxylic acid metabolism
paev00660,C5-Branched dibasic acid metabolism
paev01210,2-Oxocarboxylic acid metabolism
paei00660,C5-Branched dibasic acid metabolism
paei01210,2-Oxocarboxylic acid metabolism
pau00660,C5-Branched dibasic acid metabolism
pau01210,2-Oxocarboxylic acid metabolism
pap00660,C5-Branched dibasic acid metabolism
pap01210,2-Oxocarboxylic acid metabolism
pag00660,C5-Branched dibasic acid metabolism
pag01210,2-Oxocarboxylic acid metabolism
paf00660,C5-Branched dibasic acid metabolism
paf01210,2-Oxocarboxylic acid metabolism
pnc00660,C5-Branched dibasic acid metabolism
pnc01210,2-Oxocarboxylic acid metabolism
paeb00660,C5-Branched dibasic acid metabolism
paeb01210,2-Oxocarboxylic acid metabolism
paec00660,C5-Branched dibasic acid metabolism
paeo00660,C5-Branched dibasic acid metabolism
pdk00290,"Valine, leucine and isoleucine biosynthesis"
pdk00660,C5-Branched dibasic acid metabolism
pdk01210,2-Oxocarboxylic acid metabolism
psg00290,"Valine, leucine and isoleucine biosynthesis"
psg00660,C5-Branched dibasic acid metabolism
psg01210,2-Oxocarboxylic acid metabolism
paeu00660,C5-Branched dibasic acid metabolism
paeu00261,Monobactam biosynthesis
paev00250,"Alanine, aspartate and glutamate metabolism"
paei00250,"Alanine, aspartate and glutamate metabolism"
pap00250,"Alanine, aspartate and glutamate metabolism"
pag00250,"Alanine, aspartate and glutamate metabolism"
paf00250,"Alanine, aspartate and glutamate metabolism"
pnc00250,"Alanine, aspartate and glutamate metabolism"
paeb00250,"Alanine, aspartate and glutamate metabolism"
paeu00920,Sulfur metabolism
paec00920,Sulfur metabolism
prp00760,Nicotinate and nicotinamide metabolism
paep00760,Nicotinate and nicotinamide metabolism
paem00760,Nicotinate and nicotinamide metabolism
pael00760,Nicotinate and nicotinamide metabolism
paeg00760,Nicotinate and nicotinamide metabolism
paes03030,DNA replication
paes03430,Mismatch repair
paes03440,Homologous recombination
pap00480,Glutathione metabolism
pdk00480,Glutathione metabolism
psg00480,Glutathione metabolism
prp00480,Glutathione metabolism
paep00480,Glutathione metabolism
paem00480,Glutathione metabolism
pael00480,Glutathione metabolism
paeg00480,Glutathione metabolism
paev00071,Fatty acid degradation
paev00281,Geraniol degradation
paev00310,Lysine degradation
paev00362,Benzoate degradation
paev00380,Tryptophan metabolism
paev00650,Butanoate metabolism
paev00903,Limonene and pinene degradation
paev00930,Caprolactam degradation
paei00071,Fatty acid degradation
paei00281,Geraniol degradation
paei00310,Lysine degradation
paei00362,Benzoate degradation
paei00650,Butanoate metabolism
paei00903,Limonene and pinene degradation
paei00930,Caprolactam degradation
pap00281,Geraniol degradation
pap00310,Lysine degradation
pap00362,Benzoate degradation
pap00650,Butanoate metabolism
pap00903,Limonene and pinene degradation
pap00930,Caprolactam degradation
paf00281,Geraniol degradation
paf00310,Lysine degradation
paf00362,Benzoate degradation
paf00650,Butanoate metabolism
paf00903,Limonene and pinene degradation
paf00930,Caprolactam degradation
pnc00281,Geraniol degradation
pnc00310,Lysine degradation
pnc00362,Benzoate degradation
pnc00650,Butanoate metabolism
pnc00903,Limonene and pinene degradation
pnc00930,Caprolactam degradation
paeb00281,Geraniol degradation
paeb00310,Lysine degradation
paeb00362,Benzoate degradation
paeb00650,Butanoate metabolism
paeb00903,Limonene and pinene degradation
paeb00930,Caprolactam degradation
pdk00071,Fatty acid degradation
pdk00280,"Valine, leucine and isoleucine degradation"
pdk00281,Geraniol degradation
pdk00310,Lysine degradation
pdk00362,Benzoate degradation
pdk00410,beta-Alanine metabolism
pdk00640,Propanoate metabolism
pdk00650,Butanoate metabolism
pdk00903,Limonene and pinene degradation
pdk00930,Caprolactam degradation
psg00071,Fatty acid degradation
psg00280,"Valine, leucine and isoleucine degradation"
psg00281,Geraniol degradation
psg00310,Lysine degradation
psg00362,Benzoate degradation
psg00410,beta-Alanine metabolism
psg00640,Propanoate metabolism
psg00650,Butanoate metabolism
psg00903,Limonene and pinene degradation
psg00930,Caprolactam degradation
prp00071,Fatty acid degradation
prp00280,"Valine, leucine and isoleucine degradation"
prp00281,Geraniol degradation
prp00310,Lysine degradation
prp00362,Benzoate degradation
prp00410,beta-Alanine metabolism
prp00640,Propanoate metabolism
prp00650,Butanoate metabolism
prp00903,Limonene and pinene degradation
prp00930,Caprolactam degradation
prp01212,Fatty acid metabolism
paep00071,Fatty acid degradation
paep00280,"Valine, leucine and isoleucine degradation"
paep00281,Geraniol degradation
paep00310,Lysine degradation
paep00362,Benzoate degradation
paep00410,beta-Alanine metabolism
paep00640,Propanoate metabolism
paep00650,Butanoate metabolism
paep00903,Limonene and pinene degradation
paep00930,Caprolactam degradation
paep01212,Fatty acid metabolism
paem00071,Fatty acid degradation
paem00280,"Valine, leucine and isoleucine degradation"
paem00281,Geraniol degradation
paem00310,Lysine degradation
paem00362,Benzoate degradation
paem00410,beta-Alanine metabolism
paem00640,Propanoate metabolism
paem00650,Butanoate metabolism
paem00903,Limonene and pinene degradation
paem00930,Caprolactam degradation
paem01212,Fatty acid metabolism
pael00071,Fatty acid degradation
pael00280,"Valine, leucine and isoleucine degradation"
pael00281,Geraniol degradation
pael00310,Lysine degradation
pael00362,Benzoate degradation
pael00410,beta-Alanine metabolism
pael00640,Propanoate metabolism
pael00650,Butanoate metabolism
pael00903,Limonene and pinene degradation
pael00930,Caprolactam degradation
pael01212,Fatty acid metabolism
paeg00071,Fatty acid degradation
paeg00280,"Valine, leucine and isoleucine degradation"
paeg00281,Geraniol degradation
paeg00310,Lysine degradation
paeg00362,Benzoate degradation
paeg00410,beta-Alanine metabolism
paeg00640,Propanoate metabolism
paeg00650,Butanoate metabolism
paeg00903,Limonene and pinene degradation
paeg00930,Caprolactam degradation
paeg01212,Fatty acid metabolism
paec00071,Fatty acid degradation
paec00281,Geraniol degradation
paec00310,Lysine degradation
paec00362,Benzoate degradation
paec00650,Butanoate metabolism
paec00903,Limonene and pinene degradation
paec00930,Caprolactam degradation
paeo00071,Fatty acid degradation
paeo00281,Geraniol degradation
paeo00310,Lysine degradation
paeo00362,Benzoate degradation
paeo00650,Butanoate metabolism
paeo00903,Limonene and pinene degradation
paeo00930,Caprolactam degradation
paev00592,alpha-Linolenic acid metabolism
paei00592,alpha-Linolenic acid metabolism
pau00592,alpha-Linolenic acid metabolism
pap00592,alpha-Linolenic acid metabolism
paf00592,alpha-Linolenic acid metabolism
pnc00592,alpha-Linolenic acid metabolism
paeb00592,alpha-Linolenic acid metabolism
pdk00592,alpha-Linolenic acid metabolism
psg00592,alpha-Linolenic acid metabolism
prp00592,alpha-Linolenic acid metabolism
pael00592,alpha-Linolenic acid metabolism
paeu00281,Geraniol degradation
paeu00362,Benzoate degradation
paeu00592,alpha-Linolenic acid metabolism
paeg00592,alpha-Linolenic acid metabolism
paec00592,alpha-Linolenic acid metabolism
paeo00592,alpha-Linolenic acid metabolism
pae01501,beta-Lactam resistance
pag01501,beta-Lactam resistance
paf01501,beta-Lactam resistance
pnc01501,beta-Lactam resistance
paeb01501,beta-Lactam resistance
paei03420,Nucleotide excision repair
pau03420,Nucleotide excision repair
pap03420,Nucleotide excision repair
pag03420,Nucleotide excision repair
paf03420,Nucleotide excision repair
pnc03420,Nucleotide excision repair
paeb03420,Nucleotide excision repair
pdk00520,Amino sugar and nucleotide sugar metabolism
pdk00550,Peptidoglycan biosynthesis
psg00550,Peptidoglycan biosynthesis
paeg00240,Pyrimidine metabolism
pae00633,Nitrotoluene degradation
paev00633,Nitrotoluene degradation
paei00633,Nitrotoluene degradation
pau00633,Nitrotoluene degradation
pag00633,Nitrotoluene degradation
paf00633,Nitrotoluene degradation
pnc00633,Nitrotoluene degradation
paeb00633,Nitrotoluene degradation
paec02010,ABC transporters
paeo02010,ABC transporters
prp00860,Porphyrin and chlorophyll metabolism
paem00860,Porphyrin and chlorophyll metabolism
pael00860,Porphyrin and chlorophyll metabolism
paeg00860,Porphyrin and chlorophyll metabolism
pap00785,Lipoic acid metabolism
paec00785,Lipoic acid metabolism
paeo00785,Lipoic acid metabolism
paf01040,Biosynthesis of unsaturated fatty acids
pnc01040,Biosynthesis of unsaturated fatty acids
paeb01040,Biosynthesis of unsaturated fatty acids
pag00362,Benzoate degradation
prp00970,Aminoacyl-tRNA biosynthesis
pae00362,Benzoate degradation
pae01220,Degradation of aromatic compounds
paev01220,Degradation of aromatic compounds
paei01220,Degradation of aromatic compounds
pau01220,Degradation of aromatic compounds
pap01220,Degradation of aromatic compounds
pag01220,Degradation of aromatic compounds
paf01220,Degradation of aromatic compounds
pnc01220,Degradation of aromatic compounds
paeb01220,Degradation of aromatic compounds
paeu01220,Degradation of aromatic compounds
paec01220,Degradation of aromatic compounds
paeo01220,Degradation of aromatic compounds
pau00361,Chlorocyclohexane and chlorobenzene degradation
pau00364,Fluorobenzoate degradation
pau00623,Toluene degradation
paei00190,Oxidative phosphorylation
paev00190,Oxidative phosphorylation
paec00190,Oxidative phosphorylation
paeo00190,Oxidative phosphorylation
paev00020,Citrate cycle (TCA cycle)
paei00020,Citrate cycle (TCA cycle)
pau00020,Citrate cycle (TCA cycle)
pap00020,Citrate cycle (TCA cycle)
pag00020,Citrate cycle (TCA cycle)
paf00020,Citrate cycle (TCA cycle)
pnc00020,Citrate cycle (TCA cycle)
paeb00020,Citrate cycle (TCA cycle)
paeu00020,Citrate cycle (TCA cycle)
paec00020,Citrate cycle (TCA cycle)
paeo00020,Citrate cycle (TCA cycle)
pae00450,Selenocompound metabolism
pau00450,Selenocompound metabolism
pag00450,Selenocompound metabolism
paf00450,Selenocompound metabolism
pnc00450,Selenocompound metabolism
pae00405,Phenazine biosynthesis
pau00405,Phenazine biosynthesis
pag00405,Phenazine biosynthesis
paf00405,Phenazine biosynthesis
pnc00405,Phenazine biosynthesis
paeb00405,Phenazine biosynthesis
paeu00405,Phenazine biosynthesis
pdk00400,"Phenylalanine, tyrosine and tryptophan biosynthesis"
psg00400,"Phenylalanine, tyrosine and tryptophan biosynthesis"
prp00400,"Phenylalanine, tyrosine and tryptophan biosynthesis"
paep00400,"Phenylalanine, tyrosine and tryptophan biosynthesis"
paem00400,"Phenylalanine, tyrosine and tryptophan biosynthesis"
pael00400,"Phenylalanine, tyrosine and tryptophan biosynthesis"
paeg00400,"Phenylalanine, tyrosine and tryptophan biosynthesis"
pae00364,Fluorobenzoate degradation
pae00622,Xylene degradation
pau00622,Xylene degradation
pag00364,Fluorobenzoate degradation
pag00622,Xylene degradation
paf00364,Fluorobenzoate degradation
paf00622,Xylene degradation
pnc00364,Fluorobenzoate degradation
pnc00622,Xylene degradation
paeb00364,Fluorobenzoate degradation
paeb00622,Xylene degradation
pae00627,Aminobenzoate degradation
paev00627,Aminobenzoate degradation
pae00361,Chlorocyclohexane and chlorobenzene degradation
pae00623,Toluene degradation
paev00630,Glyoxylate and dicarboxylate metabolism
paei00630,Glyoxylate and dicarboxylate metabolism
pap00361,Chlorocyclohexane and chlorobenzene degradation
pap00364,Fluorobenzoate degradation
pap00623,Toluene degradation
pag00361,Chlorocyclohexane and chlorobenzene degradation
pag00623,Toluene degradation
paf00361,Chlorocyclohexane and chlorobenzene degradation
paf00623,Toluene degradation
pnc00361,Chlorocyclohexane and chlorobenzene degradation
pnc00623,Toluene degradation
paeb00361,Chlorocyclohexane and chlorobenzene degradation
paeb00623,Toluene degradation
paev00350,Tyrosine metabolism
paei00350,Tyrosine metabolism
paec00350,Tyrosine metabolism
pae00630,Glyoxylate and dicarboxylate metabolism
pap00630,Glyoxylate and dicarboxylate metabolism
pag00630,Glyoxylate and dicarboxylate metabolism
paf00630,Glyoxylate and dicarboxylate metabolism
paeu00630,Glyoxylate and dicarboxylate metabolism
pae00460,Cyanoamino acid metabolism
pae00670,One carbon pool by folate
paev00460,Cyanoamino acid metabolism
paev00670,One carbon pool by folate
paei00460,Cyanoamino acid metabolism
paei00670,One carbon pool by folate
pau00460,Cyanoamino acid metabolism
pap00460,Cyanoamino acid metabolism
pap00670,One carbon pool by folate
pag00460,Cyanoamino acid metabolism
pag00670,One carbon pool by folate
paf00460,Cyanoamino acid metabolism
paf00670,One carbon pool by folate
pnc00460,Cyanoamino acid metabolism
pnc00670,One carbon pool by folate
paeb00460,Cyanoamino acid metabolism
paeb00670,One carbon pool by folate
paeu00670,One carbon pool by folate
pae00500,Starch and sucrose metabolism
paeu00740,Riboflavin metabolism
paec00740,Riboflavin metabolism
pau00500,Starch and sucrose metabolism
pap00500,Starch and sucrose metabolism
pag00500,Starch and sucrose metabolism
paf00500,Starch and sucrose metabolism
pnc00500,Starch and sucrose metabolism
paeb00500,Starch and sucrose metabolism
pae00040,Pentose and glucuronate interconversions
pag00040,Pentose and glucuronate interconversions
paf00040,Pentose and glucuronate interconversions
pnc00040,Pentose and glucuronate interconversions
paeb00040,Pentose and glucuronate interconversions
pap01501,beta-Lactam resistance
paeu01501,beta-Lactam resistance
paeu00460,Cyanoamino acid metabolism
pae00020,Citrate cycle (TCA cycle)
pae00310,Lysine degradation
pae00380,Tryptophan metabolism
pag00310,Lysine degradation
pag00620,Pyruvate metabolism
paf00620,Pyruvate metabolism
pnc00620,Pyruvate metabolism
paeu00310,Lysine degradation
pdk00750,Vitamin B6 metabolism
psg00750,Vitamin B6 metabolism
paem00750,Vitamin B6 metabolism
pael00750,Vitamin B6 metabolism
paev00500,Starch and sucrose metabolism
paei00500,Starch and sucrose metabolism
pdk00500,Starch and sucrose metabolism
paeg00630,Glyoxylate and dicarboxylate metabolism
pau00625,Chloroalkane and chloroalkene degradation
paec00630,Glyoxylate and dicarboxylate metabolism
paeo00630,Glyoxylate and dicarboxylate metabolism
pael02010,ABC transporters
paeg00920,Sulfur metabolism
paeg02010,ABC transporters
pae00052,Galactose metabolism
paev00040,Pentose and glucuronate interconversions
paev00052,Galactose metabolism
paev00541,O-Antigen nucleotide sugar biosynthesis
paei00040,Pentose and glucuronate interconversions
paei00052,Galactose metabolism
paei00541,O-Antigen nucleotide sugar biosynthesis
pau00052,Galactose metabolism
pap00040,Pentose and glucuronate interconversions
pap00052,Galactose metabolism
pap00541,O-Antigen nucleotide sugar biosynthesis
pag00052,Galactose metabolism
paf00052,Galactose metabolism
pnc00052,Galactose metabolism
paeb00052,Galactose metabolism
paeo00350,Tyrosine metabolism
pae00650,Butanoate metabolism
pag00650,Butanoate metabolism
paeu00650,Butanoate metabolism
pau00626,Naphthalene degradation
pae00625,Chloroalkane and chloroalkene degradation
paev00620,Pyruvate metabolism
paev00625,Chloroalkane and chloroalkene degradation
paei00620,Pyruvate metabolism
paei00625,Chloroalkane and chloroalkene degradation
pap00620,Pyruvate metabolism
pap00625,Chloroalkane and chloroalkene degradation
pag00625,Chloroalkane and chloroalkene degradation
paf00625,Chloroalkane and chloroalkene degradation
pnc00625,Chloroalkane and chloroalkene degradation
paeb00625,Chloroalkane and chloroalkene degradation
paeu00625,Chloroalkane and chloroalkene degradation
paec00625,Chloroalkane and chloroalkene degradation
paeo00625,Chloroalkane and chloroalkene degradation
pae00330,Arginine and proline metabolism
paev00330,Arginine and proline metabolism
paev00450,Selenocompound metabolism
paei00450,Selenocompound metabolism
pap00450,Selenocompound metabolism
paeb00450,Selenocompound metabolism
paeu00450,Selenocompound metabolism
paec00450,Selenocompound metabolism
paeu00910,Nitrogen metabolism
paev00405,Phenazine biosynthesis
paei00405,Phenazine biosynthesis
pdk00270,Cysteine and methionine metabolism
pdk00450,Selenocompound metabolism
pdk00670,One carbon pool by folate
psg00270,Cysteine and methionine metabolism
psg00450,Selenocompound metabolism
psg00670,One carbon pool by folate
prp00270,Cysteine and methionine metabolism
prp00450,Selenocompound metabolism
prp00670,One carbon pool by folate
paem00270,Cysteine and methionine metabolism
paem00450,Selenocompound metabolism
paem00670,One carbon pool by folate
pael00270,Cysteine and methionine metabolism
pael00450,Selenocompound metabolism
pael00670,One carbon pool by folate
paeg00270,Cysteine and methionine metabolism
paeg00450,Selenocompound metabolism
paeg00670,One carbon pool by folate
paec00670,One carbon pool by folate
paeo00670,One carbon pool by folate
paec00910,Nitrogen metabolism
paeo00910,Nitrogen metabolism
pae00770,Pantothenate and CoA biosynthesis
pag00770,Pantothenate and CoA biosynthesis
paf00770,Pantothenate and CoA biosynthesis
pnc00770,Pantothenate and CoA biosynthesis
paeu00770,Pantothenate and CoA biosynthesis
paec00460,Cyanoamino acid metabolism
paeo00460,Cyanoamino acid metabolism
pdk00564,Glycerophospholipid metabolism
psg00564,Glycerophospholipid metabolism
paev00770,Pantothenate and CoA biosynthesis
paei00770,Pantothenate and CoA biosynthesis
pdk00770,Pantothenate and CoA biosynthesis
pdk00020,Citrate cycle (TCA cycle)
psg00020,Citrate cycle (TCA cycle)
prp00020,Citrate cycle (TCA cycle)
prp00660,C5-Branched dibasic acid metabolism
paep00020,Citrate cycle (TCA cycle)
paep00660,C5-Branched dibasic acid metabolism
paem00020,Citrate cycle (TCA cycle)
paem00660,C5-Branched dibasic acid metabolism
pael00020,Citrate cycle (TCA cycle)
pael00660,C5-Branched dibasic acid metabolism
paeg00020,Citrate cycle (TCA cycle)
paeg00660,C5-Branched dibasic acid metabolism
pdk00190,Oxidative phosphorylation
psg00190,Oxidative phosphorylation
prp00190,Oxidative phosphorylation
paep00190,Oxidative phosphorylation
paem00190,Oxidative phosphorylation
pael00190,Oxidative phosphorylation
paeg00190,Oxidative phosphorylation
pdk00630,Glyoxylate and dicarboxylate metabolism
psg00630,Glyoxylate and dicarboxylate metabolism
prp00630,Glyoxylate and dicarboxylate metabolism
prp01210,2-Oxocarboxylic acid metabolism
paep00630,Glyoxylate and dicarboxylate metabolism
paep01210,2-Oxocarboxylic acid metabolism
paem00630,Glyoxylate and dicarboxylate metabolism
paem01210,2-Oxocarboxylic acid metabolism
pael00630,Glyoxylate and dicarboxylate metabolism
pael01210,2-Oxocarboxylic acid metabolism
paeg01210,2-Oxocarboxylic acid metabolism
pae02030,Bacterial chemotaxis
pap02030,Bacterial chemotaxis
pag02030,Bacterial chemotaxis
paf02030,Bacterial chemotaxis
pnc02030,Bacterial chemotaxis
paeb02030,Bacterial chemotaxis
prp03440,Homologous recombination
paep03440,Homologous recombination
paem03440,Homologous recombination
pael03440,Homologous recombination
paeg03440,Homologous recombination
paev02060,Phosphotransferase system (PTS)
paei02060,Phosphotransferase system (PTS)
paec02060,Phosphotransferase system (PTS)
paeo02060,Phosphotransferase system (PTS)
paev03420,Nucleotide excision repair
pdk03410,Base excision repair
pdk03420,Nucleotide excision repair
psg03410,Base excision repair
psg03420,Nucleotide excision repair
pael02020,Two-component system
pael02030,Bacterial chemotaxis
pael02040,Flagellar assembly
paeu02030,Bacterial chemotaxis
paeg02020,Two-component system
paeg02030,Bacterial chemotaxis
paeg02040,Flagellar assembly
paev02030,Bacterial chemotaxis
paei02030,Bacterial chemotaxis
paec02030,Bacterial chemotaxis
paeo02030,Bacterial chemotaxis
pae02040,Flagellar assembly
pap02040,Flagellar assembly
pdk02025,Biofilm formation - Pseudomonas aeruginosa
psg02025,Biofilm formation - Pseudomonas aeruginosa
paep02020,Two-component system
paep02025,Biofilm formation - Pseudomonas aeruginosa
paep02040,Flagellar assembly
pdk02030,Bacterial chemotaxis
psg02030,Bacterial chemotaxis
prp02030,Bacterial chemotaxis
prp02040,Flagellar assembly
paev02025,Biofilm formation - Pseudomonas aeruginosa
paei02025,Biofilm formation - Pseudomonas aeruginosa
pap00770,Pantothenate and CoA biosynthesis
pae00440,Phosphonate and phosphinate metabolism
pau00590,Arachidonic acid metabolism
paep00550,Peptidoglycan biosynthesis
paem02030,Bacterial chemotaxis
paem02040,Flagellar assembly
pdk02010,ABC transporters
pdk02024,Quorum sensing
psg02010,ABC transporters
psg02024,Quorum sensing
prp02024,Quorum sensing
paep02010,ABC transporters
paep02024,Quorum sensing
paem02024,Quorum sensing
pael02024,Quorum sensing
paeg02024,Quorum sensing
paep00270,Cysteine and methionine metabolism
paep00920,Sulfur metabolism
pae00261,Monobactam biosynthesis
paev00261,Monobactam biosynthesis
paev00300,Lysine biosynthesis
paei00261,Monobactam biosynthesis
paei00300,Lysine biosynthesis
pau00261,Monobactam biosynthesis
pap00261,Monobactam biosynthesis
pag00261,Monobactam biosynthesis
paf00261,Monobactam biosynthesis
pnc00261,Monobactam biosynthesis
paeb00261,Monobactam biosynthesis
paec00261,Monobactam biosynthesis
paeo00261,Monobactam biosynthesis
paec00405,Phenazine biosynthesis
paeo00405,Phenazine biosynthesis
pae00130,Ubiquinone and other terpenoid-quinone biosynthesis
paev00130,Ubiquinone and other terpenoid-quinone biosynthesis
paei00130,Ubiquinone and other terpenoid-quinone biosynthesis
pap00130,Ubiquinone and other terpenoid-quinone biosynthesis
pag00130,Ubiquinone and other terpenoid-quinone biosynthesis
paf00130,Ubiquinone and other terpenoid-quinone biosynthesis
pnc00130,Ubiquinone and other terpenoid-quinone biosynthesis
paeb00130,Ubiquinone and other terpenoid-quinone biosynthesis
paeu00130,Ubiquinone and other terpenoid-quinone biosynthesis
paec00130,Ubiquinone and other terpenoid-quinone biosynthesis
paeo00130,Ubiquinone and other terpenoid-quinone biosynthesis
prp00220,Arginine biosynthesis
prp00300,Lysine biosynthesis
paem00220,Arginine biosynthesis
paem00300,Lysine biosynthesis
pael00220,Arginine biosynthesis
pael00300,Lysine biosynthesis
pau00600,Sphingolipid metabolism
pau01053,Biosynthesis of siderophore group nonribosomal peptides
paev01501,beta-Lactam resistance
paei01501,beta-Lactam resistance
paec01501,beta-Lactam resistance
paeo01501,beta-Lactam resistance
prp03430,Mismatch repair
paep03430,Mismatch repair
pap00220,Arginine biosynthesis
pdk00220,Arginine biosynthesis
psg00220,Arginine biosynthesis
paep00220,Arginine biosynthesis
paeg00220,Arginine biosynthesis
prp00540,Lipopolysaccharide biosynthesis
paem00540,Lipopolysaccharide biosynthesis
pael00540,Lipopolysaccharide biosynthesis
paeg00540,Lipopolysaccharide biosynthesis
paev00473,D-Alanine metabolism
paev01502,Vancomycin resistance
paei00473,D-Alanine metabolism
paei01502,Vancomycin resistance
pau00473,D-Alanine metabolism
paf00473,D-Alanine metabolism
paf01502,Vancomycin resistance
pnc00473,D-Alanine metabolism
pnc01502,Vancomycin resistance
paeb00473,D-Alanine metabolism
paeb01502,Vancomycin resistance
pdk00473,D-Alanine metabolism
pdk01502,Vancomycin resistance
psg00473,D-Alanine metabolism
psg01502,Vancomycin resistance
paec00473,D-Alanine metabolism
paec01502,Vancomycin resistance
paeo00473,D-Alanine metabolism
paeo01502,Vancomycin resistance
pae00471,D-Glutamine and D-glutamate metabolism
paev00471,D-Glutamine and D-glutamate metabolism
paei00471,D-Glutamine and D-glutamate metabolism
pau00471,D-Glutamine and D-glutamate metabolism
pap00471,D-Glutamine and D-glutamate metabolism
pag00471,D-Glutamine and D-glutamate metabolism
paf00471,D-Glutamine and D-glutamate metabolism
pnc00471,D-Glutamine and D-glutamate metabolism
paeb00471,D-Glutamine and D-glutamate metabolism
pdk00471,D-Glutamine and D-glutamate metabolism
psg00471,D-Glutamine and D-glutamate metabolism
prp00471,D-Glutamine and D-glutamate metabolism
prp00550,Peptidoglycan biosynthesis
paep00471,D-Glutamine and D-glutamate metabolism
paem00471,D-Glutamine and D-glutamate metabolism
paem00550,Peptidoglycan biosynthesis
pael00471,D-Glutamine and D-glutamate metabolism
pael00550,Peptidoglycan biosynthesis
paeu00471,D-Glutamine and D-glutamate metabolism
paeg00471,D-Glutamine and D-glutamate metabolism
paeg00550,Peptidoglycan biosynthesis
paec00471,D-Glutamine and D-glutamate metabolism
paeo00471,D-Glutamine and D-glutamate metabolism
pae01502,Vancomycin resistance
pap01502,Vancomycin resistance
pag01502,Vancomycin resistance
paep01502,Vancomycin resistance
paeu01502,Vancomycin resistance
prp01502,Vancomycin resistance
paem01502,Vancomycin resistance
pael01502,Vancomycin resistance
paeg01502,Vancomycin resistance
pdk00300,Lysine biosynthesis
psg00300,Lysine biosynthesis
paev00340,Histidine metabolism
paei00340,Histidine metabolism
pdk00340,Histidine metabolism
psg00340,Histidine metabolism
paec00340,Histidine metabolism
paeo00340,Histidine metabolism
prp00340,Histidine metabolism
paep00340,Histidine metabolism
paem00340,Histidine metabolism
pael00340,Histidine metabolism
paeg00340,Histidine metabolism
pdk00620,Pyruvate metabolism
psg00620,Pyruvate metabolism
prp00620,Pyruvate metabolism
paem00620,Pyruvate metabolism
pael00620,Pyruvate metabolism
paeg00620,Pyruvate metabolism
paep00970,Aminoacyl-tRNA biosynthesis
psg00770,Pantothenate and CoA biosynthesis
prp00770,Pantothenate and CoA biosynthesis
paem00770,Pantothenate and CoA biosynthesis
pael00770,Pantothenate and CoA biosynthesis
paeg00770,Pantothenate and CoA biosynthesis
paec00770,Pantothenate and CoA biosynthesis
paeo00770,Pantothenate and CoA biosynthesis
pae00740,Riboflavin metabolism
paev00740,Riboflavin metabolism
paei00740,Riboflavin metabolism
pau00740,Riboflavin metabolism
pap00740,Riboflavin metabolism
pag00740,Riboflavin metabolism
paf00740,Riboflavin metabolism
pnc00740,Riboflavin metabolism
paeb00740,Riboflavin metabolism
paeo00740,Riboflavin metabolism
pae00332,Carbapenem biosynthesis
paev00332,Carbapenem biosynthesis
paei00332,Carbapenem biosynthesis
pau00332,Carbapenem biosynthesis
pap00332,Carbapenem biosynthesis
pag00332,Carbapenem biosynthesis
paf00332,Carbapenem biosynthesis
pnc00332,Carbapenem biosynthesis
paeb00332,Carbapenem biosynthesis
paeu00332,Carbapenem biosynthesis
paec00332,Carbapenem biosynthesis
paeo00332,Carbapenem biosynthesis
pdk00260,"Glycine, serine and threonine metabolism"
pdk00460,Cyanoamino acid metabolism
psg00260,"Glycine, serine and threonine metabolism"
psg00460,Cyanoamino acid metabolism
prp00260,"Glycine, serine and threonine metabolism"
prp00460,Cyanoamino acid metabolism
paep00260,"Glycine, serine and threonine metabolism"
paep00460,Cyanoamino acid metabolism
paep00670,One carbon pool by folate
paem00260,"Glycine, serine and threonine metabolism"
paem00460,Cyanoamino acid metabolism
pael00260,"Glycine, serine and threonine metabolism"
pael00460,Cyanoamino acid metabolism
paeg00260,"Glycine, serine and threonine metabolism"
paeg00460,Cyanoamino acid metabolism
prp00240,Pyrimidine metabolism
paem00240,Pyrimidine metabolism
pael00240,Pyrimidine metabolism
paep00290,"Valine, leucine and isoleucine biosynthesis"
paep00770,Pantothenate and CoA biosynthesis
pdk00030,Pentose phosphate pathway
psg00030,Pentose phosphate pathway
pdk00562,Inositol phosphate metabolism
psg00562,Inositol phosphate metabolism
prp00520,Amino sugar and nucleotide sugar metabolism
paep00520,Amino sugar and nucleotide sugar metabolism
paem00520,Amino sugar and nucleotide sugar metabolism
pael00520,Amino sugar and nucleotide sugar metabolism
paeg00520,Amino sugar and nucleotide sugar metabolism
pdk00250,"Alanine, aspartate and glutamate metabolism"
psg00250,"Alanine, aspartate and glutamate metabolism"
prp00250,"Alanine, aspartate and glutamate metabolism"
paep00250,"Alanine, aspartate and glutamate metabolism"
paem00250,"Alanine, aspartate and glutamate metabolism"
pael00250,"Alanine, aspartate and glutamate metabolism"
paeg00250,"Alanine, aspartate and glutamate metabolism"
paep00620,Pyruvate metabolism
pae00791,Atrazine degradation
paev00791,Atrazine degradation
paei00791,Atrazine degradation
pau00791,Atrazine degradation
pap00791,Atrazine degradation
pag00791,Atrazine degradation
paf00791,Atrazine degradation
pnc00791,Atrazine degradation
paeb00791,Atrazine degradation
pdk00791,Atrazine degradation
psg00791,Atrazine degradation
prp00791,Atrazine degradation
paep00791,Atrazine degradation
paem00791,Atrazine degradation
pael00791,Atrazine degradation
paeu00791,Atrazine degradation
paeg00791,Atrazine degradation
paec00791,Atrazine degradation
paeo00791,Atrazine degradation
pau01040,Biosynthesis of unsaturated fatty acids
pae00473,D-Alanine metabolism
pag00473,D-Alanine metabolism
paep00473,D-Alanine metabolism
paeu00473,D-Alanine metabolism
paem03430,Mismatch repair
pael03430,Mismatch repair
paeg03430,Mismatch repair
paep00860,Porphyrin and chlorophyll metabolism
pdk00910,Nitrogen metabolism
psg00910,Nitrogen metabolism
prp00910,Nitrogen metabolism
paep00910,Nitrogen metabolism
paem00910,Nitrogen metabolism
pael00910,Nitrogen metabolism
paeg00910,Nitrogen metabolism
pdk00130,Ubiquinone and other terpenoid-quinone biosynthesis
psg00130,Ubiquinone and other terpenoid-quinone biosynthesis
prp00130,Ubiquinone and other terpenoid-quinone biosynthesis
paep00130,Ubiquinone and other terpenoid-quinone biosynthesis
paem00130,Ubiquinone and other terpenoid-quinone biosynthesis
pael00130,Ubiquinone and other terpenoid-quinone biosynthesis
paeg00130,Ubiquinone and other terpenoid-quinone biosynthesis
paes03060,Protein export
paes03070,Bacterial secretion system
prp02020,Two-component system
paem02020,Two-component system
pae00521,Streptomycin biosynthesis
pae00523,Polyketide sugar unit biosynthesis
pae00525,Acarbose and validamycin biosynthesis
pau00521,Streptomycin biosynthesis
pau00523,Polyketide sugar unit biosynthesis
pau00525,Acarbose and validamycin biosynthesis
pag00521,Streptomycin biosynthesis
pag00523,Polyketide sugar unit biosynthesis
pag00525,Acarbose and validamycin biosynthesis
paf00521,Streptomycin biosynthesis
paf00523,Polyketide sugar unit biosynthesis
paf00525,Acarbose and validamycin biosynthesis
pnc00521,Streptomycin biosynthesis
pnc00523,Polyketide sugar unit biosynthesis
pnc00525,Acarbose and validamycin biosynthesis
paeb00521,Streptomycin biosynthesis
paeb00523,Polyketide sugar unit biosynthesis
paeb00525,Acarbose and validamycin biosynthesis
paeu00523,Polyketide sugar unit biosynthesis
paeu00525,Acarbose and validamycin biosynthesis
paeg00300,Lysine biosynthesis
paev00521,Streptomycin biosynthesis
paei00521,Streptomycin biosynthesis
pap00521,Streptomycin biosynthesis
pae03020,RNA polymerase
paev03020,RNA polymerase
paei03020,RNA polymerase
pau03020,RNA polymerase
pap03020,RNA polymerase
pag03020,RNA polymerase
paf03020,RNA polymerase
pnc03020,RNA polymerase
paeb03020,RNA polymerase
pdk03020,RNA polymerase
psg03020,RNA polymerase
paeu03020,RNA polymerase
paec03020,RNA polymerase
paeo03020,RNA polymerase
pae00626,Naphthalene degradation
pap00626,Naphthalene degradation
pag00626,Naphthalene degradation
paf00626,Naphthalene degradation
pnc00626,Naphthalene degradation
paeb00626,Naphthalene degradation
paeu00626,Naphthalene degradation
pae03420,Nucleotide excision repair
prp03420,Nucleotide excision repair
paep03420,Nucleotide excision repair
paem03420,Nucleotide excision repair
pael03420,Nucleotide excision repair
paeg03420,Nucleotide excision repair
paec00541,O-Antigen nucleotide sugar biosynthesis
paeo00541,O-Antigen nucleotide sugar biosynthesis
prp00541,O-Antigen nucleotide sugar biosynthesis
paep00541,O-Antigen nucleotide sugar biosynthesis
paem00541,O-Antigen nucleotide sugar biosynthesis
pael00541,O-Antigen nucleotide sugar biosynthesis
paeg00541,O-Antigen nucleotide sugar biosynthesis
paeu00040,Pentose and glucuronate interconversions
paec00040,Pentose and glucuronate interconversions
paeo00040,Pentose and glucuronate interconversions
pap00405,Phenazine biosynthesis
prp03020,RNA polymerase
paep03020,RNA polymerase
paem03020,RNA polymerase
pael03020,RNA polymerase
paeg03020,RNA polymerase
pae01053,Biosynthesis of siderophore group nonribosomal peptides
pap01053,Biosynthesis of siderophore group nonribosomal peptides
pag01053,Biosynthesis of siderophore group nonribosomal peptides
paf01053,Biosynthesis of siderophore group nonribosomal peptides
pnc00053,Ascorbate and aldarate metabolism
paeb01053,Biosynthesis of siderophore group nonribosomal peptides
paeu01053,Biosynthesis of siderophore group nonribosomal peptides
paev01053,Biosynthesis of siderophore group nonribosomal peptides
paei01053,Biosynthesis of siderophore group nonribosomal peptides
pnc01053,Biosynthesis of siderophore group nonribosomal peptides
paec01053,Biosynthesis of siderophore group nonribosomal peptides
paeo01053,Biosynthesis of siderophore group nonribosomal peptides
pap00473,D-Alanine metabolism
pdk01501,beta-Lactam resistance
psg01501,beta-Lactam resistance
prp01501,beta-Lactam resistance
paep01501,beta-Lactam resistance
paem01501,beta-Lactam resistance
pael01501,beta-Lactam resistance
paeg01501,beta-Lactam resistance
paeg00350,Tyrosine metabolism
paeg00740,Riboflavin metabolism
paeg01220,Degradation of aromatic compounds
prp00740,Riboflavin metabolism
paem00740,Riboflavin metabolism
pael00740,Riboflavin metabolism
pdk00740,Riboflavin metabolism
psg00740,Riboflavin metabolism
paep00740,Riboflavin metabolism
pdk00332,Carbapenem biosynthesis
psg00332,Carbapenem biosynthesis
prp00332,Carbapenem biosynthesis
paem00332,Carbapenem biosynthesis
pael00332,Carbapenem biosynthesis
paeg00332,Carbapenem biosynthesis
