,Gene_Patric,Gene_Prokka,locus,Product,F5677,F63912,H27930,M1608,M55212,S86968,W36662,W60856
fig|287.6770.peg.4371,,baeR_2,PA14_52250,"Two-component transcriptional response regulator, LuxR family",fig|287.6612.peg.4529,fig|287.6618.peg.4583,,fig|287.6622.peg.1865,fig|287.6624.peg.3662,fig|287.6631.peg.4655,fig|287.6637.peg.4655,fig|287.6620.peg.1805
fig|287.6770.peg.4682,,sctC_3,PA14_55920,Flp pilus assembly protein CpaC,,fig|287.6618.peg.4865,fig|287.6617.peg.4693,fig|287.6622.peg.1550,fig|287.6624.peg.3242,fig|287.6631.peg.5051,fig|287.6637.peg.5039,fig|287.6620.peg.1391
fig|287.6770.peg.3188,,cmoA_1,PA14_38210,SAM-dependent methyltransferase,fig|287.6612.peg.3299,fig|287.6618.peg.3332,fig|287.6617.peg.3161,,fig|287.6624.peg.4814,fig|287.6631.peg.3310,fig|287.6637.peg.2603,fig|287.6620.peg.3845
fig|287.6770.peg.3222,,atoE,PA14_38610,Short-chain fatty acids transporter,fig|287.6612.peg.3333,fig|287.6618.peg.3366,fig|287.6617.peg.3195,,fig|287.6624.peg.4779,fig|287.6631.peg.3346,fig|287.6637.peg.2569,fig|287.6620.peg.3879
fig|287.6770.peg.3235,pqqD,pqqD,PA14_38790,Coenzyme PQQ synthesis protein D,fig|287.6612.peg.3347,fig|287.6618.peg.3380,fig|287.6617.peg.3209,,fig|287.6624.peg.4765,fig|287.6631.peg.3360,fig|287.6637.peg.2554,fig|287.6620.peg.3893
fig|287.6770.peg.2928,,rhaS_7,PA14_35140,"Transcriptional regulator, AraC family",,fig|287.6618.peg.2966,fig|287.6617.peg.2877,fig|287.6622.peg.3108,fig|287.6624.peg.5151,fig|287.6631.peg.3063,fig|287.6637.peg.2883,fig|287.6620.peg.3576
fig|287.6770.peg.3236,pqqC,pqqC,PA14_38800,Pyrroloquinoline-quinone synthase (EC 1.3.3.11),fig|287.6612.peg.3348,fig|287.6618.peg.3381,fig|287.6617.peg.3210,,fig|287.6624.peg.4764,fig|287.6631.peg.3361,fig|287.6637.peg.2553,fig|287.6620.peg.3894
fig|287.6770.peg.3252,,eptA_2,PA14_39020,"Lipid A phosphoethanolamine transferase, putative",fig|287.6612.peg.3365,fig|287.6618.peg.3398,fig|287.6617.peg.3227,,fig|287.6624.peg.4748,fig|287.6631.peg.3380,fig|287.6637.peg.2536,fig|287.6620.peg.3911
fig|287.6770.peg.3165,cynR,cynR_3,PA14_37940,Cyn operon transcriptional activator,fig|287.6612.peg.3278,fig|287.6618.peg.3311,fig|287.6617.peg.3141,,fig|287.6624.peg.4835,fig|287.6631.peg.3285,fig|287.6637.peg.2625,fig|287.6620.peg.3825
fig|287.6770.peg.3009,,group_700,PA14_36130,Tripartite tricarboxylate transporter TctC family,fig|287.6612.peg.3108,,fig|287.6617.peg.2977,,fig|287.6624.peg.5029,,fig|287.6637.peg.2788,fig|287.6620.peg.3670
fig|287.6770.peg.3243,,exaE,PA14_38900,"Two-component transcriptional response regulator, LuxR family",fig|287.6612.peg.3355,fig|287.6618.peg.3389,fig|287.6617.peg.3218,,fig|287.6624.peg.4757,fig|287.6631.peg.3369,fig|287.6637.peg.2545,fig|287.6620.peg.3902
fig|287.6770.peg.2933,,group_3976,PA14_35200,Histone acetyltransferase HPA2 and related acetyltransferases,,fig|287.6618.peg.2971,fig|287.6617.peg.2882,fig|287.6622.peg.3103,fig|287.6624.peg.5146,fig|287.6631.peg.3068,fig|287.6637.peg.2878,fig|287.6620.peg.3582
fig|287.6770.peg.3047,,group_5456,PA14_36560,hypothetical protein,fig|287.6612.peg.3155,fig|287.6618.peg.3192,fig|287.6617.peg.3018,,fig|287.6624.peg.4958,fig|287.6631.peg.3170,fig|287.6637.peg.2741,fig|287.6620.peg.3711
fig|287.6770.peg.3205,amrB,acrB_1,PA14_38410,"Multidrug efflux system, inner membrane proton/drug antiporter (RND type) => MexY of MexXY/AxyXY",fig|287.6612.peg.3316,fig|287.6618.peg.3349,fig|287.6617.peg.3178,,fig|287.6624.peg.4796,fig|287.6631.peg.3329,fig|287.6637.peg.2586,fig|287.6620.peg.3862
fig|287.6770.peg.3270,,group_4193,PA14_39210,Ribosylnicotinamide kinase (EC 2.7.1.22),fig|287.6612.peg.3382,fig|287.6618.peg.3415,fig|287.6617.peg.3245,,fig|287.6624.peg.4731,fig|287.6631.peg.3397,fig|287.6637.peg.2520,fig|287.6620.peg.3928
fig|287.6770.peg.3251,pqqF,group_2515,PA14_39010,hypothetical protein,fig|287.6612.peg.3364,fig|287.6618.peg.3397,fig|287.6617.peg.3226,,fig|287.6624.peg.4749,fig|287.6631.peg.3379,fig|287.6637.peg.2537,fig|287.6620.peg.3910
fig|287.6770.peg.3071,glgP,malP,PA14_36840,Glycogen phosphorylase (EC 2.4.1.1),fig|287.6612.peg.3179,fig|287.6618.peg.3216,fig|287.6617.peg.3042,,fig|287.6624.peg.4933,fig|287.6631.peg.3194,fig|287.6637.peg.2717,fig|287.6620.peg.3735
fig|287.6770.peg.3635,,rhaS_10,PA14_43580,"Transcriptional regulator, AraC family",fig|287.6612.peg.3803,fig|287.6618.peg.3774,,fig|287.6622.peg.2617,fig|287.6624.peg.4373,fig|287.6631.peg.3762,fig|287.6637.peg.2157,fig|287.6620.peg.4286
fig|287.6770.peg.3061,,group_4078,PA14_36730,Trehalose synthase (EC 5.4.99.16),fig|287.6612.peg.3169,fig|287.6618.peg.3206,fig|287.6617.peg.3032,,fig|287.6624.peg.4944,fig|287.6631.peg.3184,fig|287.6637.peg.2727,fig|287.6620.peg.3725
fig|287.6770.peg.3107,,hdfR_3,PA14_37220,"Transcriptional regulator, LysR family",fig|287.6612.peg.3215,fig|287.6618.peg.3253,fig|287.6617.peg.3077,,fig|287.6624.peg.4897,fig|287.6631.peg.3230,fig|287.6637.peg.2682,fig|287.6620.peg.3770
fig|287.6770.peg.3230,,group_4173,PA14_38720,hypothetical protein,fig|287.6612.peg.3341,fig|287.6618.peg.3374,fig|287.6617.peg.3203,,fig|287.6624.peg.4771,fig|287.6631.peg.3354,fig|287.6637.peg.2560,fig|287.6620.peg.3887
fig|287.6770.peg.3043,,group_4068,PA14_36530,NAD-dependent aldehyde dehydrogenases,fig|287.6612.peg.3151,fig|287.6618.peg.3188,fig|287.6617.peg.3014,,fig|287.6624.peg.4962,fig|287.6631.peg.3166,fig|287.6637.peg.2745,fig|287.6620.peg.3707
fig|287.6770.peg.3825,,czcR_2,PA14_45880,DNA-binding heavy metal response regulator,fig|287.6612.peg.4082,fig|287.6618.peg.3969,fig|287.6617.peg.3946,fig|287.6622.peg.2427,fig|287.6624.peg.4095,fig|287.6631.peg.4091,fig|287.6637.peg.4105,
fig|287.6770.peg.3241,exaA,exaA,PA14_38860,"Quino(hemo)protein alcohol dehydrogenase, PQQ-dependent (EC 1.1.2.8)",fig|287.6612.peg.3353,fig|287.6618.peg.3387,fig|287.6617.peg.3216,,fig|287.6624.peg.4759,fig|287.6631.peg.3367,fig|287.6637.peg.2547,fig|287.6620.peg.3900
fig|287.6770.peg.2887,,pgrR_3,PA14_34690,"Transcriptional regulator, LysR family",,fig|287.6618.peg.2925,fig|287.6617.peg.2835,fig|287.6622.peg.3148,fig|287.6624.peg.5193,fig|287.6631.peg.3021,fig|287.6637.peg.2926,fig|287.6620.peg.3532
fig|287.6770.peg.3022,,nemR_1,PA14_36300,"Transcriptional regulator, AcrR family",fig|287.6612.peg.3121,fig|287.6618.peg.3157,fig|287.6617.peg.2990,,fig|287.6624.peg.5016,,fig|287.6637.peg.2775,fig|287.6620.peg.3683
fig|287.6770.peg.3054,,hrp1_2,PA14_36650,CBS domain protein,fig|287.6612.peg.3162,fig|287.6618.peg.3199,fig|287.6617.peg.3025,,fig|287.6624.peg.4951,fig|287.6631.peg.3177,fig|287.6637.peg.2734,fig|287.6620.peg.3718
fig|287.6770.peg.2918,,htpX_2,PA14_35020,Zn-dependent protease with chaperone function,,fig|287.6618.peg.2956,fig|287.6617.peg.2867,fig|287.6622.peg.3118,fig|287.6624.peg.5161,fig|287.6631.peg.3053,fig|287.6637.peg.2893,
fig|287.6770.peg.2924,,arsH,PA14_35080,Arsenic resistance protein ArsH,,fig|287.6618.peg.2962,fig|287.6617.peg.2873,fig|287.6622.peg.3112,fig|287.6624.peg.5155,fig|287.6631.peg.3059,fig|287.6637.peg.2887,fig|287.6620.peg.3572
fig|287.6770.peg.3033,,group_462,PA14_36400,hypothetical protein,fig|287.6612.peg.3140,fig|287.6618.peg.3177,fig|287.6617.peg.3003,,fig|287.6624.peg.4973,fig|287.6631.peg.3155,fig|287.6637.peg.2756,fig|287.6620.peg.3696
fig|287.6770.peg.3048,glgA,glgA,PA14_36570,"Glycogen synthase, ADP-glucose transglucosylase (EC 2.4.1.21)",fig|287.6612.peg.3156,fig|287.6618.peg.3193,fig|287.6617.peg.3019,,fig|287.6624.peg.4957,fig|287.6631.peg.3171,fig|287.6637.peg.2740,fig|287.6620.peg.3712
fig|287.6770.peg.3010,,group_2458,PA14_36150,Tripartite tricarboxylate transporter TctB family,fig|287.6612.peg.3109,fig|287.6618.peg.3145,fig|287.6617.peg.2978,,fig|287.6624.peg.5028,,fig|287.6637.peg.2787,fig|287.6620.peg.3671
fig|287.6770.peg.3258,,group_2518,PA14_39090,hypothetical protein,fig|287.6612.peg.3370,fig|287.6618.peg.3403,fig|287.6617.peg.3233,,fig|287.6624.peg.4743,fig|287.6631.peg.3385,fig|287.6637.peg.2531,fig|287.6620.peg.3916
fig|287.6770.peg.3003,,rhmD,PA14_36070,L-lyxonate dehydratase,fig|287.6612.peg.3102,fig|287.6618.peg.3086,fig|287.6617.peg.2971,,fig|287.6624.peg.5035,,fig|287.6637.peg.2794,fig|287.6620.peg.3664
fig|287.6770.peg.3012,,gbpR_3,PA14_36180,"Transcriptional regulator, LysR family",fig|287.6612.peg.3111,fig|287.6618.peg.3147,fig|287.6617.peg.2980,,fig|287.6624.peg.5026,,fig|287.6637.peg.2785,fig|287.6620.peg.3673
fig|287.6770.peg.2110,kdsB,kdsB,PA14_25530,3-deoxy-manno-octulosonate cytidylyltransferase (EC 2.7.7.38),,fig|287.6618.peg.2083,fig|287.6617.peg.2075,fig|287.6622.peg.3930,fig|287.6624.peg.2195,,fig|287.6637.peg.3853,fig|287.6620.peg.2664
fig|287.6770.peg.1958,,group_649,PA14_23670,Histone acetyltransferase HPA2 and related acetyltransferases,fig|287.6612.peg.2036,fig|287.6618.peg.1930,,fig|287.6622.peg.4082,fig|287.6624.peg.2043,fig|287.6631.peg.2001,fig|287.6637.peg.4007,fig|287.6620.peg.2465
fig|287.6770.peg.3184,,group_2500,PA14_38170,hypothetical protein,fig|287.6612.peg.3297,fig|287.6618.peg.3330,fig|287.6617.peg.3159,,fig|287.6624.peg.4816,fig|287.6631.peg.3304,fig|287.6637.peg.2606,fig|287.6620.peg.3843
fig|287.6770.peg.3255,,group_4187,PA14_39060,hypothetical protein,fig|287.6612.peg.3367,fig|287.6618.peg.3400,fig|287.6617.peg.3230,,fig|287.6624.peg.4746,fig|287.6631.peg.3382,fig|287.6637.peg.2534,fig|287.6620.peg.3913
fig|287.6770.peg.3060,glgB,glgB,PA14_36710,"1,4-alpha-glucan (glycogen) branching enzyme, GH-13-type (EC 2.4.1.18)",fig|287.6612.peg.3168,fig|287.6618.peg.3205,fig|287.6617.peg.3031,,fig|287.6624.peg.4945,fig|287.6631.peg.3183,fig|287.6637.peg.2728,fig|287.6620.peg.3724
fig|287.6770.peg.3082,,group_5097,PA14_36940,hypothetical protein,fig|287.6612.peg.3189,fig|287.6618.peg.3226,fig|287.6617.peg.3052,,fig|287.6624.peg.4923,fig|287.6631.peg.3204,fig|287.6637.peg.2707,fig|287.6620.peg.3745
fig|287.6770.peg.2444,pfeA,pfeA_1,PA14_29350,"TonB-dependent receptor; Outer membrane receptor for ferric enterobactin and colicins B, D",fig|287.6612.peg.2512,fig|287.6618.peg.2475,,fig|287.6622.peg.3595,fig|287.6624.peg.2617,fig|287.6631.peg.2616,fig|287.6637.peg.3488,fig|287.6620.peg.2995
fig|287.6770.peg.2923,,group_2422,PA14_35070,"Transcriptional regulator, AraC family",,fig|287.6618.peg.2961,fig|287.6617.peg.2872,fig|287.6622.peg.3113,fig|287.6624.peg.5156,fig|287.6631.peg.3058,fig|287.6637.peg.2888,fig|287.6620.peg.3571
fig|287.6770.peg.2367,,group_3798,PA14_28540,hypothetical protein,fig|287.6612.peg.2438,fig|287.6618.peg.2405,fig|287.6617.peg.2344,fig|287.6622.peg.3673,fig|287.6624.peg.2491,,fig|287.6637.peg.3593,fig|287.6620.peg.2922
fig|287.6770.peg.3091,,group_4096,PA14_37070,Co-activator of prophage gene expression IbrA,fig|287.6612.peg.3199,fig|287.6618.peg.3236,fig|287.6617.peg.3061,,fig|287.6624.peg.4913,fig|287.6631.peg.3213,fig|287.6637.peg.2698,fig|287.6620.peg.3754
fig|287.6770.peg.3818,fliM,fliM,PA14_45800,Flagellar motor switch protein FliM,,fig|287.6618.peg.3963,fig|287.6617.peg.3939,fig|287.6622.peg.2434,fig|287.6624.peg.4102,fig|287.6631.peg.4084,fig|287.6637.peg.4098,fig|287.6620.peg.4568
fig|287.6770.peg.3225,,scoA,PA14_38660,Succinyl-CoA:3-ketoacid-coenzyme A transferase subunit A (EC 2.8.3.5),fig|287.6612.peg.3336,fig|287.6618.peg.3369,fig|287.6617.peg.3198,,fig|287.6624.peg.4776,fig|287.6631.peg.3349,fig|287.6637.peg.2565,fig|287.6620.peg.3882
fig|287.6770.peg.2913,gcd,gcd,PA14_34970,"Glucose dehydrogenase, PQQ-dependent (EC 1.1.5.2)",,fig|287.6618.peg.2952,fig|287.6617.peg.2862,fig|287.6622.peg.3123,fig|287.6624.peg.5166,fig|287.6631.peg.3048,fig|287.6637.peg.2898,fig|287.6620.peg.3560
fig|287.6770.peg.3018,,group_5454,PA14_36260,Rtn protein,fig|287.6612.peg.3117,fig|287.6618.peg.3153,fig|287.6617.peg.2986,,fig|287.6624.peg.5020,,fig|287.6637.peg.2779,fig|287.6620.peg.3679
fig|287.6770.peg.3051,,treY,PA14_36605,Malto-oligosyltrehalose synthase (EC 5.4.99.15),fig|287.6612.peg.3159,fig|287.6618.peg.3196,fig|287.6617.peg.3022,,fig|287.6624.peg.4954,fig|287.6631.peg.3174,fig|287.6637.peg.2737,fig|287.6620.peg.3715
fig|287.6770.peg.3147,fusA2,fusB,PA14_37710,Translation elongation factor G,fig|287.6612.peg.3260,fig|287.6618.peg.3292,fig|287.6617.peg.3123,,fig|287.6624.peg.4854,fig|287.6631.peg.3267,fig|287.6637.peg.2643,fig|287.6620.peg.3807
fig|287.6770.peg.3035,,rcsC_10,PA14_36420,Two-component system sensor histidine kinase/response regulator hybrid,fig|287.6612.peg.3142,fig|287.6618.peg.3179,fig|287.6617.peg.3005,,fig|287.6624.peg.4971,fig|287.6631.peg.3157,fig|287.6637.peg.2754,fig|287.6620.peg.3698
fig|287.6770.peg.3013,,group_4051,PA14_36190,hypothetical protein,fig|287.6612.peg.3112,fig|287.6618.peg.3148,fig|287.6617.peg.2981,,fig|287.6624.peg.5025,,fig|287.6637.peg.2784,fig|287.6620.peg.3674
fig|287.6770.peg.3143,,catM,PA14_37660,Transcriptional regulator,fig|287.6612.peg.3256,fig|287.6618.peg.3288,fig|287.6617.peg.3119,,fig|287.6624.peg.4858,fig|287.6631.peg.3263,fig|287.6637.peg.2647,fig|287.6620.peg.3803
fig|287.6770.peg.2886,,puuB_5,PA14_34680,Putative oxidoreductase,,fig|287.6618.peg.2924,fig|287.6617.peg.2834,fig|287.6622.peg.3149,fig|287.6624.peg.5194,fig|287.6631.peg.3020,fig|287.6637.peg.2927,fig|287.6620.peg.3531
fig|287.6770.peg.1510,,arnA,PA14_18350,UDP-4-amino-4-deoxy-L-arabinose formyltransferase (EC 2.1.2.13) / UDP-glucuronic acid oxidase (UDP-4-keto-hexauronic acid decarboxylating) (EC 1.1.1.305),fig|287.6612.peg.1556,fig|287.6618.peg.1508,,fig|287.6622.peg.4543,fig|287.6624.peg.1559,fig|287.6631.peg.1519,fig|287.6637.peg.1644,fig|287.6620.peg.1999
fig|287.6770.peg.3178,,group_2498,PA14_38090,"Pseudouridine synthase (EC 4.2.1.70), PA2043 type",fig|287.6612.peg.3292,fig|287.6618.peg.3325,fig|287.6617.peg.3154,,fig|287.6624.peg.4821,fig|287.6631.peg.3299,fig|287.6637.peg.2611,fig|287.6620.peg.3838
fig|287.6770.peg.3215,hmgA,hmgA,PA14_38510,"Homogentisate 1,2-dioxygenase (EC 1.13.11.5)",fig|287.6612.peg.3326,fig|287.6618.peg.3359,fig|287.6617.peg.3188,,fig|287.6624.peg.4786,fig|287.6631.peg.3339,fig|287.6637.peg.2576,fig|287.6620.peg.3872
fig|287.6770.peg.3242,,pipB2,PA14_38880,Pentapeptide repeat family protein,fig|287.6612.peg.3354,fig|287.6618.peg.3388,fig|287.6617.peg.3217,,fig|287.6624.peg.4758,fig|287.6631.peg.3368,fig|287.6637.peg.2546,fig|287.6620.peg.3901
fig|287.6770.peg.3141,,group_2491,PA14_37640,hypothetical protein,fig|287.6612.peg.3254,fig|287.6618.peg.3286,fig|287.6617.peg.3117,,fig|287.6624.peg.4860,fig|287.6631.peg.3261,fig|287.6637.peg.2649,fig|287.6620.peg.3801
fig|287.6770.peg.2368,,,,FIG00954495: hypothetical protein,fig|287.6612.peg.2439,fig|287.6618.peg.2406,fig|287.6617.peg.2345,fig|287.6622.peg.3672,fig|287.6624.peg.2492,,fig|287.6637.peg.3592,fig|287.6620.peg.2923
fig|287.6770.peg.2883,,group_3949,PA14_34640,Gluconokinase (EC 2.7.1.12),,fig|287.6618.peg.2921,fig|287.6617.peg.2831,fig|287.6622.peg.3152,fig|287.6624.peg.5197,fig|287.6631.peg.3017,fig|287.6637.peg.2930,fig|287.6620.peg.3528
fig|287.6770.peg.3175,,yidD,PA14_38060,Membrane protein insertion efficiency factor YidD,fig|287.6612.peg.3289,fig|287.6618.peg.3323,fig|287.6617.peg.3152,,fig|287.6624.peg.4824,fig|287.6631.peg.3296,fig|287.6637.peg.2614,fig|287.6620.peg.3836
fig|287.6770.peg.3166,cynT,cynT_2,PA14_37950,"Carbonic anhydrase, beta class (EC 4.2.1.1)",fig|287.6612.peg.3279,fig|287.6618.peg.3312,fig|287.6617.peg.3142,,fig|287.6624.peg.4834,fig|287.6631.peg.3286,fig|287.6637.peg.2624,fig|287.6620.peg.3826
fig|287.6770.peg.2548,,group_307,PA14_30620,"Transcriptional regulator, AraC family",fig|287.6612.peg.2670,,fig|287.6617.peg.2541,fig|287.6622.peg.3491,fig|287.6624.peg.2722,fig|287.6631.peg.2738,fig|287.6637.peg.3383,fig|287.6620.peg.3116
fig|287.6770.peg.3259,,hpcD_2,PA14_39100,Probable 5-carboxymethyl-2-hydroxymuconate delta isomerase,fig|287.6612.peg.3371,fig|287.6618.peg.3404,fig|287.6617.peg.3234,,fig|287.6624.peg.4742,fig|287.6631.peg.3386,fig|287.6637.peg.2530,fig|287.6620.peg.3917
fig|287.6770.peg.2915,,btuB_6,PA14_34990,Probable tonB-dependent receptor yncD precursor,,fig|287.6618.peg.2953,fig|287.6617.peg.2864,fig|287.6622.peg.3121,fig|287.6624.peg.5164,fig|287.6631.peg.3050,fig|287.6637.peg.2896,fig|287.6620.peg.3562
fig|287.6770.peg.3227,,acsA_2,PA14_38690,Acetoacetyl-CoA synthetase (EC 6.2.1.16),fig|287.6612.peg.3338,fig|287.6618.peg.3371,fig|287.6617.peg.3200,,fig|287.6624.peg.4774,fig|287.6631.peg.3351,fig|287.6637.peg.2563,fig|287.6620.peg.3884
fig|287.6770.peg.3142,,group_4127,PA14_37650,hypothetical protein,fig|287.6612.peg.3255,fig|287.6618.peg.3287,fig|287.6617.peg.3118,,fig|287.6624.peg.4859,fig|287.6631.peg.3262,fig|287.6637.peg.2648,fig|287.6620.peg.3802
fig|287.6770.peg.3099,,group_2480,PA14_37150,hypothetical protein,fig|287.6612.peg.3207,fig|287.6618.peg.3244,fig|287.6617.peg.3069,,fig|287.6624.peg.4905,fig|287.6631.peg.3221,fig|287.6637.peg.2690,fig|287.6620.peg.3762
fig|287.6770.peg.2912,,oprB_3,PA14_34960,Carbohydrate-selective porin OprB,,fig|287.6618.peg.2951,fig|287.6617.peg.2861,fig|287.6622.peg.3124,fig|287.6624.peg.5167,fig|287.6631.peg.3047,fig|287.6637.peg.2899,fig|287.6620.peg.3559
fig|287.6770.peg.3281,rbsB,rbsB,PA14_39350,"Ribose ABC transporter, substrate-binding protein RbsB (TC 3.A.1.2.1)",fig|287.6612.peg.3393,fig|287.6618.peg.3426,fig|287.6617.peg.3256,,fig|287.6624.peg.4720,fig|287.6631.peg.3408,fig|287.6637.peg.2509,fig|287.6620.peg.3939
fig|287.6770.peg.4246,,yfeW,PA14_50820,Putative esterase,fig|287.6612.peg.4402,fig|287.6618.peg.4390,,fig|287.6622.peg.1992,fig|287.6624.peg.3788,fig|287.6631.peg.4416,fig|287.6637.peg.4522,fig|287.6620.peg.4912
fig|287.6770.peg.5103,nfxB,group_1533,PA14_60860,Transcriptional regulator NfxB,fig|287.6612.peg.5248,fig|287.6618.peg.5288,fig|287.6617.peg.5108,fig|287.6622.peg.1101,fig|287.6624.peg.5879,,fig|287.6637.peg.5351,fig|287.6620.peg.1082
fig|287.6770.peg.3150,,novN,PA14_37745,probable carbamoyl transferase,fig|287.6612.peg.3263,fig|287.6618.peg.3295,fig|287.6617.peg.3126,,fig|287.6624.peg.4851,fig|287.6631.peg.3270,fig|287.6637.peg.2640,fig|287.6620.peg.3810
fig|287.6770.peg.3067,katE,katE,PA14_36810,Catalase KatE-intracellular protease (EC 1.11.1.6),fig|287.6612.peg.3175,fig|287.6618.peg.3212,fig|287.6617.peg.3038,,fig|287.6624.peg.4937,fig|287.6631.peg.3190,fig|287.6637.peg.2721,fig|287.6620.peg.3731
fig|287.6770.peg.5876,,group_4458,PA14_70400,hypothetical protein,fig|287.6612.peg.6077,fig|287.6618.peg.6084,fig|287.6617.peg.5905,fig|287.6622.peg.5848,,fig|287.6631.peg.6277,fig|287.6637.peg.6178,fig|287.6620.peg.6263
fig|287.6770.peg.3093,,ybdM,PA14_37080,Co-activator of prophage gene expression IbrB,fig|287.6612.peg.3201,fig|287.6618.peg.3238,fig|287.6617.peg.3063,,fig|287.6624.peg.4911,fig|287.6631.peg.3215,fig|287.6637.peg.2696,fig|287.6620.peg.3756
fig|287.6770.peg.3279,rbsC,rbsC,PA14_39320,"Ribose ABC transporter, permease protein RbsC (TC 3.A.1.2.1)",fig|287.6612.peg.3391,fig|287.6618.peg.3424,fig|287.6617.peg.3254,,fig|287.6624.peg.4722,fig|287.6631.peg.3406,fig|287.6637.peg.2511,fig|287.6620.peg.3937
fig|287.6770.peg.3074,,group_4086,PA14_36860,FIG00957959: hypothetical protein,fig|287.6612.peg.3181,fig|287.6618.peg.3218,fig|287.6617.peg.3044,,fig|287.6624.peg.4931,fig|287.6631.peg.3196,fig|287.6637.peg.2715,fig|287.6620.peg.3737
fig|287.6770.peg.3190,,norG_3,PA14_38250,"DNA-binding transcriptional regulator, MocR family / aminotransferase domain",fig|287.6612.peg.3301,fig|287.6618.peg.3334,fig|287.6617.peg.3163,,fig|287.6624.peg.4812,fig|287.6631.peg.3312,fig|287.6637.peg.2601,fig|287.6620.peg.3847
fig|287.6770.peg.3267,,group_719,PA14_39180,Cold shock protein of CSP family / DUF1294 domain,fig|287.6612.peg.3378,fig|287.6618.peg.3411,fig|287.6617.peg.3241,,fig|287.6624.peg.4735,fig|287.6631.peg.3393,fig|287.6637.peg.2524,fig|287.6620.peg.3924
fig|287.6770.peg.2814,,macA,PA14_33770,Macrolide-specific efflux protein MacA,fig|287.6612.peg.2892,fig|287.6618.peg.2848,fig|287.6617.peg.2758,fig|287.6622.peg.3222,fig|287.6624.peg.5271,fig|287.6631.peg.2946,,fig|287.6620.peg.3454
fig|287.6770.peg.982,,ubiX,PA14_11860,Flavin prenyltransferase UbiX,fig|287.6612.peg.982,fig|287.6618.peg.990,fig|287.6617.peg.1012,,fig|287.6624.peg.1047,fig|287.6631.peg.1024,fig|287.6637.peg.1098,fig|287.6620.peg.5493
fig|287.6770.peg.4686,,group_4395,PA14_55980,Uncharacterized protein YjgR,fig|287.6612.peg.4838,fig|287.6618.peg.4870,,fig|287.6622.peg.1546,fig|287.6624.peg.3237,fig|287.6631.peg.5056,fig|287.6637.peg.5044,fig|287.6620.peg.1387
fig|287.6770.peg.1001,,rlpA_1,PA14_12090,Septum-associated rare lipoprotein A,fig|287.6612.peg.1001,fig|287.6618.peg.1009,,fig|287.6622.peg.5056,fig|287.6624.peg.1066,fig|287.6631.peg.1043,fig|287.6637.peg.1117,fig|287.6620.peg.5474
fig|287.6770.peg.3008,,garP,PA14_36120,Uncharacterized MFS-type transporter,fig|287.6612.peg.3107,fig|287.6618.peg.3091,fig|287.6617.peg.2976,,fig|287.6624.peg.5030,,fig|287.6637.peg.2789,fig|287.6620.peg.3669
fig|287.6770.peg.3246,,degU_3,PA14_38930,"Two-component transcriptional response regulator, LuxR family",fig|287.6612.peg.3358,fig|287.6618.peg.3392,fig|287.6617.peg.3221,,fig|287.6624.peg.4754,fig|287.6631.peg.3373,fig|287.6637.peg.2542,fig|287.6620.peg.3905
fig|287.6770.peg.3055,,group_7594,PA14_36660,Threonine dehydrogenase and related Zn-dependent dehydrogenases,fig|287.6612.peg.3163,fig|287.6618.peg.3200,fig|287.6617.peg.3026,,fig|287.6624.peg.4950,fig|287.6631.peg.3178,fig|287.6637.peg.2733,fig|287.6620.peg.3719
fig|287.6770.peg.3151,,hcaT_1,PA14_37760,Uncharacterized MFS-type transporter,fig|287.6612.peg.3264,fig|287.6618.peg.3296,fig|287.6617.peg.3127,,fig|287.6624.peg.4850,fig|287.6631.peg.3271,fig|287.6637.peg.2639,fig|287.6620.peg.3811
fig|287.6770.peg.3137,kynB,kynB,PA14_37590,"Kynurenine formamidase, bacterial (EC 3.5.1.9)",fig|287.6612.peg.3251,fig|287.6618.peg.3282,fig|287.6617.peg.3113,,fig|287.6624.peg.4863,fig|287.6631.peg.3257,fig|287.6637.peg.2653,fig|287.6620.peg.3797
fig|287.6770.peg.3097,,group_965,PA14_37130,Fatty acid hydroxylase family (carotene hydroxylase/sterol desaturase),fig|287.6612.peg.3205,fig|287.6618.peg.3242,fig|287.6617.peg.3067,,fig|287.6624.peg.4907,fig|287.6631.peg.3219,fig|287.6637.peg.2692,fig|287.6620.peg.3760
fig|287.6770.peg.3028,,group_4063,PA14_36360,hypothetical protein,fig|287.6612.peg.3131,fig|287.6618.peg.3167,fig|287.6617.peg.2998,,fig|287.6624.peg.5008,,fig|287.6637.peg.2765,fig|287.6620.peg.3691
fig|287.6770.peg.3202,,group_4154,PA14_38370,hypothetical protein,,fig|287.6618.peg.3346,fig|287.6617.peg.3175,,fig|287.6624.peg.4799,fig|287.6631.peg.3324,fig|287.6637.peg.2589,fig|287.6620.peg.3859
fig|287.6770.peg.2922,,group_3969,PA14_35060,hypothetical protein,,fig|287.6618.peg.2960,fig|287.6617.peg.2871,fig|287.6622.peg.3114,fig|287.6624.peg.5157,fig|287.6631.peg.3057,fig|287.6637.peg.2889,fig|287.6620.peg.3570
fig|287.6770.peg.3181,,puuA_3,PA14_38140,glutamine synthetase family protein,fig|287.6612.peg.3295,fig|287.6618.peg.3328,fig|287.6617.peg.3157,,fig|287.6624.peg.4818,fig|287.6631.peg.3302,fig|287.6637.peg.2608,fig|287.6620.peg.3841
fig|287.6770.peg.3096,,dmlR_19,PA14_37120,"Transcriptional regulator, LysR family",fig|287.6612.peg.3204,fig|287.6618.peg.3241,fig|287.6617.peg.3066,,fig|287.6624.peg.4908,fig|287.6631.peg.3218,fig|287.6637.peg.2693,fig|287.6620.peg.3759
fig|287.6770.peg.4525,,group_2704,PA14_54090,Split AAA-ATPase protein PA0787,fig|287.6612.peg.4701,,fig|287.6617.peg.4545,fig|287.6622.peg.1707,fig|287.6624.peg.3485,fig|287.6631.peg.4803,fig|287.6637.peg.4811,fig|287.6620.peg.1623
fig|287.6770.peg.3196,,group_2504,PA14_38310,hypothetical protein,fig|287.6612.peg.3308,fig|287.6618.peg.3340,fig|287.6617.peg.3169,,fig|287.6624.peg.4805,fig|287.6631.peg.3318,fig|287.6637.peg.2595,fig|287.6620.peg.3853
fig|287.6770.peg.5046,pilS,sasA_16,PA14_60250,Two-component sensor PilS,fig|287.6612.peg.5191,fig|287.6618.peg.5229,fig|287.6617.peg.5052,fig|287.6622.peg.1158,fig|287.6624.peg.5822,fig|287.6631.peg.5407,,fig|287.6620.peg.1139
fig|287.6770.peg.3052,,group_4072,PA14_36620,hypothetical protein,fig|287.6612.peg.3160,fig|287.6618.peg.3197,fig|287.6617.peg.3023,,fig|287.6624.peg.4953,fig|287.6631.peg.3175,fig|287.6637.peg.2736,fig|287.6620.peg.3716
fig|287.6770.peg.3044,,group_2470,PA14_36540,"Hydrolase, alpha/beta fold family",fig|287.6612.peg.3152,fig|287.6618.peg.3189,fig|287.6617.peg.3015,,fig|287.6624.peg.4961,fig|287.6631.peg.3167,fig|287.6637.peg.2744,fig|287.6620.peg.3708
fig|287.6770.peg.3237,pqqB,pqqB,PA14_38820,Coenzyme PQQ synthesis protein B,fig|287.6612.peg.3349,fig|287.6618.peg.3382,fig|287.6617.peg.3211,,fig|287.6624.peg.4763,fig|287.6631.peg.3362,fig|287.6637.peg.2552,fig|287.6620.peg.3895
fig|287.6770.peg.366,ilvA1,ilvA_1,PA14_04320,Threonine dehydratase biosynthetic (EC 4.3.1.19),,fig|287.6618.peg.343,fig|287.6617.peg.357,fig|287.6622.peg.419,fig|287.6624.peg.361,fig|287.6631.peg.362,fig|287.6637.peg.444,fig|287.6620.peg.359
fig|287.6770.peg.3219,,norR_2,PA14_38570,Transcriptional regulator,fig|287.6612.peg.3330,fig|287.6618.peg.3363,fig|287.6617.peg.3192,,fig|287.6624.peg.4782,fig|287.6631.peg.3343,fig|287.6637.peg.2572,fig|287.6620.peg.3876
fig|287.6770.peg.3494,,group_2553,PA14_41910,Thiol-disulfide isomerase and thioredoxins,fig|287.6612.peg.3666,,fig|287.6617.peg.3531,fig|287.6622.peg.2758,fig|287.6624.peg.4510,fig|287.6631.peg.3626,fig|287.6637.peg.2292,fig|287.6620.peg.4151
fig|287.6770.peg.3240,exaB,group_4181,PA14_38850,"Cytochrome c550, associated with quino(hemo)protein alcohol dehydrogenase (EC 1.1.99.8)",fig|287.6612.peg.3352,fig|287.6618.peg.3386,fig|287.6617.peg.3215,,fig|287.6624.peg.4760,fig|287.6631.peg.3366,fig|287.6637.peg.2548,fig|287.6620.peg.3899
fig|287.6770.peg.4762,,group_2759,PA14_56930,SAM-dependent methyltransferase,fig|287.6612.peg.4913,fig|287.6618.peg.4945,,fig|287.6622.peg.1470,fig|287.6624.peg.3162,fig|287.6631.peg.5132,fig|287.6637.peg.5119,fig|287.6620.peg.1312
fig|287.6770.peg.3153,,group_4133,PA14_37780,Uncharacterized SAM-binding protein YdcF,fig|287.6612.peg.3266,fig|287.6618.peg.3298,fig|287.6617.peg.3129,,fig|287.6624.peg.4848,fig|287.6631.peg.3273,fig|287.6637.peg.2637,fig|287.6620.peg.3813
fig|287.6770.peg.3214,,kdgR_3,PA14_38500,Homogentisate pathway transcriptional regulator HmgR,fig|287.6612.peg.3325,fig|287.6618.peg.3358,fig|287.6617.peg.3187,,fig|287.6624.peg.4787,fig|287.6631.peg.3338,fig|287.6637.peg.2577,fig|287.6620.peg.3871
fig|287.6770.peg.4040,,group_1416,PA14_48400,hypothetical protein,,fig|287.6618.peg.4191,fig|287.6617.peg.4054,fig|287.6622.peg.2204,fig|287.6624.peg.3984,fig|287.6631.peg.4216,fig|287.6637.peg.4307,fig|287.6620.peg.4702
fig|287.6770.peg.458,,rsmE,PA14_05450,16S rRNA (uracil(1498)-N(3))-methyltransferase (EC 2.1.1.193),fig|287.6612.peg.449,fig|287.6618.peg.434,,fig|287.6622.peg.511,fig|287.6624.peg.452,fig|287.6631.peg.453,fig|287.6637.peg.535,fig|287.6620.peg.450
fig|287.6770.peg.2899,,eamB,PA14_34800,"L-2-amino-4-methoxy-trans-3-butenoic acid export protein AmbA, LysE family",,fig|287.6618.peg.2936,fig|287.6617.peg.2846,fig|287.6622.peg.3137,fig|287.6624.peg.5182,fig|287.6631.peg.3032,fig|287.6637.peg.2914,fig|287.6620.peg.3544
fig|287.6770.peg.3266,,dmlR_20,PA14_39160,"Transcriptional regulator, LysR family",fig|287.6612.peg.3377,fig|287.6618.peg.3410,fig|287.6617.peg.3240,,fig|287.6624.peg.4736,fig|287.6631.peg.3392,fig|287.6637.peg.2525,fig|287.6620.peg.3923
fig|287.6770.peg.3062,,glgE2,PA14_36740,Alpha-amylase (EC 3.2.1.1),fig|287.6612.peg.3170,fig|287.6618.peg.3207,fig|287.6617.peg.3033,,fig|287.6624.peg.4943,fig|287.6631.peg.3185,fig|287.6637.peg.2726,fig|287.6620.peg.3726
fig|287.6770.peg.3081,,group_4092,PA14_36930,hypothetical protein,fig|287.6612.peg.3188,fig|287.6618.peg.3225,fig|287.6617.peg.3051,,fig|287.6624.peg.4924,fig|287.6631.peg.3203,fig|287.6637.peg.2708,fig|287.6620.peg.3744
fig|287.6770.peg.3101,,,,FIG00962886: hypothetical protein,fig|287.6612.peg.3209,fig|287.6618.peg.3247,fig|287.6617.peg.3071,,fig|287.6624.peg.4903,fig|287.6631.peg.3224,fig|287.6637.peg.2688,fig|287.6620.peg.3764
fig|287.6770.peg.3211,gnyH,menB_1,PA14_38470,Methylglutaconyl-CoA hydratase (EC 4.2.1.18),fig|287.6612.peg.3322,fig|287.6618.peg.3355,fig|287.6617.peg.3184,,fig|287.6624.peg.4790,fig|287.6631.peg.3335,fig|287.6637.peg.2580,fig|287.6620.peg.3868
fig|287.6770.peg.975,,group_2111,PA14_11750,Acetyltransferase,,fig|287.6618.peg.982,fig|287.6617.peg.1004,fig|287.6622.peg.5081,fig|287.6624.peg.1040,fig|287.6631.peg.1017,fig|287.6637.peg.1090,fig|287.6620.peg.5501
fig|287.6770.peg.3059,,ybhN,PA14_36700,Inner membrane protein YbhQ,fig|287.6612.peg.3167,fig|287.6618.peg.3204,fig|287.6617.peg.3030,,fig|287.6624.peg.4946,fig|287.6631.peg.3182,fig|287.6637.peg.2729,fig|287.6620.peg.3723
fig|287.6770.peg.2878,,soxC_3,PA14_34550,Acyl-CoA dehydrogenase; probable dibenzothiophene desulfurization enzyme,,fig|287.6618.peg.2916,fig|287.6617.peg.2826,fig|287.6622.peg.3157,fig|287.6624.peg.5202,fig|287.6631.peg.3012,fig|287.6637.peg.2935,fig|287.6620.peg.3523
fig|287.6770.peg.3031,,group_240,PA14_36375,hypothetical protein,fig|287.6612.peg.3138,fig|287.6618.peg.3175,fig|287.6617.peg.3001,,fig|287.6624.peg.4975,,fig|287.6637.peg.2758,fig|287.6620.peg.3694
fig|287.6770.peg.3080,,group_2477,PA14_36920,FOG: CheY-like receiver,fig|287.6612.peg.3187,fig|287.6618.peg.3224,fig|287.6617.peg.3050,,fig|287.6624.peg.4925,fig|287.6631.peg.3202,fig|287.6637.peg.2709,fig|287.6620.peg.3743
fig|287.6770.peg.983,,group_299,PA14_11880,hypothetical protein,fig|287.6612.peg.983,fig|287.6618.peg.991,fig|287.6617.peg.1013,,fig|287.6624.peg.1048,fig|287.6631.peg.1025,fig|287.6637.peg.1099,fig|287.6620.peg.5492
fig|287.6770.peg.3330,phzA2,phzA2,PA14_39970,Phenazine biosynthesis protein PhzA,,fig|287.6618.peg.3472,fig|287.6617.peg.3305,fig|287.6622.peg.2924,fig|287.6624.peg.4674,fig|287.6631.peg.3459,fig|287.6637.peg.2455,fig|287.6620.peg.3987
fig|287.6770.peg.2879,,sfnC_3,PA14_34580,Acyl-CoA dehydrogenase; probable dibenzothiophene desulfurization enzyme,,fig|287.6618.peg.2917,fig|287.6617.peg.2827,fig|287.6622.peg.3156,fig|287.6624.peg.5201,fig|287.6631.peg.3013,fig|287.6637.peg.2934,fig|287.6620.peg.3524
fig|287.6770.peg.3156,,group_4135,PA14_37820,hypothetical protein,fig|287.6612.peg.3269,fig|287.6618.peg.3301,fig|287.6617.peg.3132,,fig|287.6624.peg.4845,fig|287.6631.peg.3276,fig|287.6637.peg.2634,fig|287.6620.peg.3816
fig|287.6770.peg.3245,,group_1330,PA14_38920,FIG00961199: hypothetical protein,fig|287.6612.peg.3357,fig|287.6618.peg.3391,fig|287.6617.peg.3220,,fig|287.6624.peg.4755,fig|287.6631.peg.3371,fig|287.6637.peg.2543,fig|287.6620.peg.3904
fig|287.6770.peg.3042,,group_4067,PA14_36520,Repair of Iron Centers di-iron protein,fig|287.6612.peg.3149,fig|287.6618.peg.3186,fig|287.6617.peg.3012,,fig|287.6624.peg.4964,fig|287.6631.peg.3164,fig|287.6637.peg.2747,fig|287.6620.peg.3705
fig|287.6770.peg.3265,,azoR1_1,PA14_39150,FMN-dependent NADH-azoreductase (EC 1.7.1.6),fig|287.6612.peg.3376,fig|287.6618.peg.3409,fig|287.6617.peg.3239,,fig|287.6624.peg.4737,fig|287.6631.peg.3391,fig|287.6637.peg.2526,fig|287.6620.peg.3922
fig|287.6770.peg.3228,ppiC1,ppiC_2,PA14_38700,Peptidyl-prolyl cis-trans isomerase PpiC (EC 5.2.1.8),fig|287.6612.peg.3339,fig|287.6618.peg.3372,fig|287.6617.peg.3201,,fig|287.6624.peg.4773,fig|287.6631.peg.3352,fig|287.6637.peg.2562,fig|287.6620.peg.3885
fig|287.6770.peg.3239,,adh_3,PA14_38840,Aldehyde dehydrogenase (EC 1.2.1.3),fig|287.6612.peg.3351,fig|287.6618.peg.3385,fig|287.6617.peg.3214,,fig|287.6624.peg.4761,fig|287.6631.peg.3365,fig|287.6637.peg.2549,fig|287.6620.peg.3898
fig|287.6770.peg.2925,arsC,arsC,PA14_35100,"Arsenate reductase (EC 1.20.4.4) thioredoxin-coupled, LMWP family",,fig|287.6618.peg.2963,fig|287.6617.peg.2874,fig|287.6622.peg.3111,fig|287.6624.peg.5154,fig|287.6631.peg.3060,fig|287.6637.peg.2886,fig|287.6620.peg.3573
fig|287.6770.peg.3212,gnyA,accA1_2,PA14_38480,Methylcrotonyl-CoA carboxylase biotin-containing subunit (EC 6.4.1.4),fig|287.6612.peg.3323,fig|287.6618.peg.3356,fig|287.6617.peg.3185,,fig|287.6624.peg.4789,fig|287.6631.peg.3336,fig|287.6637.peg.2579,fig|287.6620.peg.3869
fig|287.6770.peg.3195,,decR,PA14_38300,"Transcriptional regulator, AsnC family",fig|287.6612.peg.3307,fig|287.6618.peg.3339,fig|287.6617.peg.3168,,fig|287.6624.peg.4806,fig|287.6631.peg.3317,fig|287.6637.peg.2596,fig|287.6620.peg.3852
fig|287.6770.peg.3210,gnyB,group_4158,PA14_38460,Methylcrotonyl-CoA carboxylase carboxyl transferase subunit (EC 6.4.1.4),fig|287.6612.peg.3321,fig|287.6618.peg.3354,fig|287.6617.peg.3183,,fig|287.6624.peg.4791,fig|287.6631.peg.3334,fig|287.6637.peg.2581,fig|287.6620.peg.3867
fig|287.6770.peg.2810,,group_684,PA14_33730,"Putative dipeptidase, pyoverdin biosynthesis PvdM",fig|287.6612.peg.2888,,fig|287.6617.peg.2754,fig|287.6622.peg.3226,fig|287.6624.peg.5275,fig|287.6631.peg.2942,fig|287.6637.peg.3004,fig|287.6620.peg.3450
fig|287.6770.peg.2889,,nepI,PA14_34710,Uncharacterized MFS-type transporter,,fig|287.6618.peg.2927,fig|287.6617.peg.2837,fig|287.6622.peg.3146,fig|287.6624.peg.5191,fig|287.6631.peg.3023,fig|287.6637.peg.2924,fig|287.6620.peg.3534
fig|287.6770.peg.3017,,group_2459,PA14_36250,hypothetical protein,fig|287.6612.peg.3116,fig|287.6618.peg.3152,fig|287.6617.peg.2985,,fig|287.6624.peg.5021,,fig|287.6637.peg.2780,fig|287.6620.peg.3678
fig|287.6770.peg.2884,gntR,gntR_1,PA14_34660,Gluconate utilization system Gnt-I transcriptional repressor,,fig|287.6618.peg.2922,fig|287.6617.peg.2832,fig|287.6622.peg.3151,fig|287.6624.peg.5196,fig|287.6631.peg.3018,fig|287.6637.peg.2929,fig|287.6620.peg.3529
fig|287.6770.peg.4689,pctB,pctB,PA14_56010,Methyl-accepting chemotaxis sensor/transducer protein,fig|287.6612.peg.4841,fig|287.6618.peg.4873,,fig|287.6622.peg.1543,fig|287.6624.peg.3234,fig|287.6631.peg.5059,fig|287.6637.peg.5047,fig|287.6620.peg.1384
fig|287.6770.peg.2364,,yqaA,PA14_28510,probable membrane protein YPO3302,fig|287.6612.peg.2435,fig|287.6618.peg.2402,fig|287.6617.peg.2341,fig|287.6622.peg.3676,fig|287.6624.peg.2488,,fig|287.6637.peg.3596,fig|287.6620.peg.2919
fig|287.6770.peg.3257,,group_4188,PA14_39080,hypothetical protein,fig|287.6612.peg.3369,fig|287.6618.peg.3402,fig|287.6617.peg.3232,,fig|287.6624.peg.4744,fig|287.6631.peg.3384,fig|287.6637.peg.2532,fig|287.6620.peg.3915
fig|287.6770.peg.3079,ligD,ligD,PA14_36910,"ATP-dependent DNA ligase (EC 6.5.1.1) clustered with Ku protein, LigD",fig|287.6612.peg.3186,fig|287.6618.peg.3223,fig|287.6617.peg.3049,,fig|287.6624.peg.4926,fig|287.6631.peg.3201,fig|287.6637.peg.2710,fig|287.6620.peg.3742
fig|287.6770.peg.3105,,group_466,PA14_37200,hypothetical protein,fig|287.6612.peg.3213,fig|287.6618.peg.3251,fig|287.6617.peg.3075,,fig|287.6624.peg.4899,fig|287.6631.peg.3228,fig|287.6637.peg.2684,fig|287.6620.peg.3768
fig|287.6770.peg.2930,,group_3973,PA14_35160,hypothetical protein,,fig|287.6618.peg.2968,fig|287.6617.peg.2879,fig|287.6622.peg.3106,fig|287.6624.peg.5149,fig|287.6631.peg.3065,fig|287.6637.peg.2881,fig|287.6620.peg.3579
fig|287.6770.peg.3231,,sasA_11,PA14_38740,Putative two-component sensor,fig|287.6612.peg.3343,fig|287.6618.peg.3376,fig|287.6617.peg.3205,,fig|287.6624.peg.4769,fig|287.6631.peg.3356,fig|287.6637.peg.2558,fig|287.6620.peg.3889
fig|287.6770.peg.3286,,group_2523,PA14_39420,hypothetical protein,fig|287.6612.peg.3398,fig|287.6618.peg.3431,fig|287.6617.peg.3260,,fig|287.6624.peg.4716,fig|287.6631.peg.3413,fig|287.6637.peg.2504,fig|287.6620.peg.3944
fig|287.6770.peg.5399,osmE,osmE,PA14_64480,Osmotically inducible lipoprotein E precursor,fig|287.6612.peg.5570,fig|287.6618.peg.5587,,fig|287.6622.peg.5370,fig|287.6624.peg.6174,fig|287.6631.peg.5792,fig|287.6637.peg.5691,fig|287.6620.peg.5784
fig|287.6770.peg.4440,,group_2683,PA14_53100,FIG026426: Hypothetical protein,fig|287.6612.peg.4598,fig|287.6618.peg.4652,,fig|287.6622.peg.1796,fig|287.6624.peg.3593,fig|287.6631.peg.4724,fig|287.6637.peg.4724,fig|287.6620.peg.1736
fig|287.6770.peg.3278,rbsR,rbsR,PA14_39300,Ribose operon repressor,fig|287.6612.peg.3390,fig|287.6618.peg.3423,fig|287.6617.peg.3253,,fig|287.6624.peg.4723,fig|287.6631.peg.3405,fig|287.6637.peg.2512,fig|287.6620.peg.3936
fig|287.6770.peg.4317,,group_11576,PA14_03290,Transposase InsN for insertion sequence element IS911,fig|287.6612.peg.4642,,fig|287.6617.peg.4510,fig|287.6622.peg.1919,fig|287.6624.peg.5396,fig|287.6631.peg.4535,,fig|287.6620.peg.4785
fig|287.6770.peg.3264,,group_2521,PA14_39140,hypothetical protein,fig|287.6612.peg.3375,fig|287.6618.peg.3408,fig|287.6617.peg.3238,,fig|287.6624.peg.4738,fig|287.6631.peg.3390,fig|287.6637.peg.2527,fig|287.6620.peg.3921
fig|287.6770.peg.272,,group_2009,PA14_03210,hypothetical protein,fig|287.6612.peg.279,fig|287.6618.peg.267,fig|287.6617.peg.281,fig|287.6622.peg.325,fig|287.6624.peg.285,fig|287.6631.peg.284,,fig|287.6620.peg.276
fig|287.6770.peg.4774,,group_1505,PA14_57070,Peptide chain release factor RF-3,fig|287.6612.peg.4925,fig|287.6618.peg.4957,,fig|287.6622.peg.1458,fig|287.6624.peg.3150,fig|287.6631.peg.5144,fig|287.6637.peg.5131,fig|287.6620.peg.1300
fig|287.6770.peg.2920,,group_2421,PA14_35040,Phosphoenolpyruvate carboxykinase [ATP] (EC 4.1.1.49),,fig|287.6618.peg.2958,fig|287.6617.peg.2869,fig|287.6622.peg.3116,fig|287.6624.peg.5159,fig|287.6631.peg.3055,fig|287.6637.peg.2891,fig|287.6620.peg.3568
fig|287.6770.peg.3092,,,,FIG00954159: hypothetical protein,fig|287.6612.peg.3200,fig|287.6618.peg.3237,fig|287.6617.peg.3062,,fig|287.6624.peg.4912,fig|287.6631.peg.3214,fig|287.6637.peg.2697,fig|287.6620.peg.3755
fig|287.6770.peg.3136,,lrp_3,PA14_37580,"Transcriptional regulator, AsnC family",fig|287.6612.peg.3250,fig|287.6618.peg.3281,fig|287.6617.peg.3112,,fig|287.6624.peg.4864,fig|287.6631.peg.3256,fig|287.6637.peg.2654,fig|287.6620.peg.3796
fig|287.6770.peg.3076,,pncC_2,PA14_36880,Nicotinamide-nucleotide amidase (EC 3.5.1.42),fig|287.6612.peg.3183,fig|287.6618.peg.3220,fig|287.6617.peg.3046,,fig|287.6624.peg.4929,fig|287.6631.peg.3198,fig|287.6637.peg.2713,fig|287.6620.peg.3739
fig|287.6770.peg.2905,chiC,group_3960,PA14_34870,Chitinase (EC 3.2.1.14),,fig|287.6618.peg.2942,fig|287.6617.peg.2852,fig|287.6622.peg.3131,fig|287.6624.peg.5176,fig|287.6631.peg.3038,fig|287.6637.peg.2908,fig|287.6620.peg.3550
fig|287.6770.peg.3065,,group_2474,PA14_36780,Mg(2+)-transport-ATPase-associated protein MgtC,fig|287.6612.peg.3173,fig|287.6618.peg.3210,fig|287.6617.peg.3036,,fig|287.6624.peg.4939,fig|287.6631.peg.3188,fig|287.6637.peg.2723,fig|287.6620.peg.3729
fig|287.6770.peg.3029,,gshA_1,PA14_36370,hypothetical protein,fig|287.6612.peg.3137,fig|287.6618.peg.3173,fig|287.6617.peg.2999,,fig|287.6624.peg.4976,,fig|287.6637.peg.2759,fig|287.6620.peg.3692
fig|287.6770.peg.2919,,group_3968,PA14_35030,hypothetical protein,,fig|287.6618.peg.2957,fig|287.6617.peg.2868,fig|287.6622.peg.3117,fig|287.6624.peg.5160,fig|287.6631.peg.3054,fig|287.6637.peg.2892,fig|287.6620.peg.3567
fig|287.6770.peg.3173,,rhaS_8,PA14_38040,"Transcriptional regulator, AraC family",fig|287.6612.peg.3287,fig|287.6618.peg.3320,fig|287.6617.peg.3150,,fig|287.6624.peg.4826,fig|287.6631.peg.3294,fig|287.6637.peg.2616,fig|287.6620.peg.3834
fig|287.6770.peg.3006,pdxA,pdxA2,PA14_36100,4-hydroxythreonine-4-phosphate dehydrogenase (EC 1.1.1.262),fig|287.6612.peg.3105,fig|287.6618.peg.3089,fig|287.6617.peg.2974,,fig|287.6624.peg.5032,,fig|287.6637.peg.2791,fig|287.6620.peg.3667
fig|287.6770.peg.3021,,curA,PA14_36290,Putative oxidoreductase YncB,fig|287.6612.peg.3120,fig|287.6618.peg.3156,fig|287.6617.peg.2989,,fig|287.6624.peg.5017,,fig|287.6637.peg.2776,fig|287.6620.peg.3682
fig|287.6770.peg.3201,,rkpK_2,PA14_38360,UDP-glucose 6-dehydrogenase (EC 1.1.1.22),fig|287.6612.peg.3313,fig|287.6618.peg.3345,fig|287.6617.peg.3174,,fig|287.6624.peg.4800,fig|287.6631.peg.3323,fig|287.6637.peg.2590,fig|287.6620.peg.3858
fig|287.6770.peg.4781,,sasA_14,PA14_57170,Sensory box histidine kinase,fig|287.6612.peg.4932,fig|287.6618.peg.4964,fig|287.6617.peg.4788,,fig|287.6624.peg.3143,fig|287.6631.peg.5151,fig|287.6637.peg.5138,fig|287.6620.peg.1293
fig|287.6770.peg.4369,,pfeA_3,PA14_52230,"TonB-dependent receptor; Outer membrane receptor for ferric enterobactin and colicins B, D",fig|287.6612.peg.4527,fig|287.6618.peg.4581,fig|287.6617.peg.4363,fig|287.6622.peg.1867,fig|287.6624.peg.3664,fig|287.6631.peg.4653,fig|287.6637.peg.4653,
fig|287.6770.peg.4916,pilC,group_3333,PA14_58760,Type IV fimbrial assembly protein PilC,fig|287.6612.peg.5069,fig|287.6618.peg.5097,fig|287.6617.peg.4922,fig|287.6622.peg.1298,fig|287.6624.peg.3008,fig|287.6631.peg.5288,,fig|287.6620.peg.1159
fig|287.6770.peg.765,pchA,pchA_1,PA14_09210,Isochorismate synthase (EC 5.4.4.2) @ Isochorismate synthase (EC 5.4.4.2) [pyochelin] siderophore @ Isochorismate synthase (EC 5.4.4.2) of siderophore biosynthesis,,fig|287.6618.peg.768,fig|287.6617.peg.751,fig|287.6622.peg.819,fig|287.6624.peg.758,fig|287.6631.peg.750,fig|287.6637.peg.880,fig|287.6620.peg.796
fig|287.6770.peg.1070,tauD,tauD_1,PA14_12970,Alpha-ketoglutarate-dependent taurine dioxygenase (EC 1.14.11.17),fig|287.6612.peg.1094,fig|287.6618.peg.1096,fig|287.6617.peg.1099,,fig|287.6624.peg.1161,fig|287.6631.peg.1110,fig|287.6637.peg.1184,fig|287.6620.peg.5407
fig|287.6770.peg.3331,qscR,anoR,PA14_39980,QscR quorum-sensing control repressor,,fig|287.6618.peg.3473,fig|287.6617.peg.3306,fig|287.6622.peg.2923,fig|287.6624.peg.4673,fig|287.6631.peg.3460,fig|287.6637.peg.2454,fig|287.6620.peg.3988
fig|287.6770.peg.3204,,acrE,PA14_38395,"Multidrug efflux system, membrane fusion component => MexX of of MexXY/AxyXY",fig|287.6612.peg.3315,fig|287.6618.peg.3348,fig|287.6617.peg.3177,,fig|287.6624.peg.4797,fig|287.6631.peg.3328,fig|287.6637.peg.2587,fig|287.6620.peg.3861
fig|287.6770.peg.3183,,group_2499,PA14_38160,hypothetical protein,fig|287.6612.peg.3296,fig|287.6618.peg.3329,fig|287.6617.peg.3158,,fig|287.6624.peg.4817,fig|287.6631.peg.3303,fig|287.6637.peg.2607,fig|287.6620.peg.3842
fig|287.6770.peg.3095,,betA_1,PA14_37100,"Oxidoreductase, GMC family",fig|287.6612.peg.3203,fig|287.6618.peg.3240,fig|287.6617.peg.3065,,fig|287.6624.peg.4909,fig|287.6631.peg.3217,fig|287.6637.peg.2694,fig|287.6620.peg.3758
fig|287.6770.peg.3200,galU,gtaB,PA14_38350,UTP--glucose-1-phosphate uridylyltransferase (EC 2.7.7.9),fig|287.6612.peg.3312,fig|287.6618.peg.3344,fig|287.6617.peg.3173,,fig|287.6624.peg.4801,fig|287.6631.peg.3322,fig|287.6637.peg.2591,fig|287.6620.peg.3857
fig|287.6770.peg.3084,,group_2478,PA14_36980,hypothetical protein,fig|287.6612.peg.3191,fig|287.6618.peg.3228,fig|287.6617.peg.3054,,fig|287.6624.peg.4921,fig|287.6631.peg.3206,fig|287.6637.peg.2705,fig|287.6620.peg.3747
fig|287.6770.peg.495,,group_3606,PA14_05910,"ABC-type amino acid transport/signal transduction system, periplasmic component/domain",,fig|287.6618.peg.471,fig|287.6617.peg.486,fig|287.6622.peg.548,fig|287.6624.peg.490,fig|287.6631.peg.491,fig|287.6637.peg.573,fig|287.6620.peg.487
fig|287.6770.peg.2366,,group_3797,PA14_28530,"Inner membrane protein YihY, formerly thought to be RNase BN",fig|287.6612.peg.2437,fig|287.6618.peg.2404,fig|287.6617.peg.2343,fig|287.6622.peg.3674,fig|287.6624.peg.2490,,fig|287.6637.peg.3594,fig|287.6620.peg.2921
fig|287.6770.peg.2929,,adhA,PA14_35150,Cinnamyl alcohol dehydrogenase/reductase (EC 1.1.1.195) @ Alcohol dehydrogenase (EC 1.1.1.1),,fig|287.6618.peg.2967,fig|287.6617.peg.2878,fig|287.6622.peg.3107,fig|287.6624.peg.5150,fig|287.6631.peg.3064,fig|287.6637.peg.2882,fig|287.6620.peg.3578
fig|287.6770.peg.3378,,group_724,PA14_40520,hypothetical protein,fig|287.6612.peg.3451,fig|287.6618.peg.3520,fig|287.6617.peg.3354,fig|287.6622.peg.2875,fig|287.6624.peg.4627,,fig|287.6637.peg.2408,fig|287.6620.peg.4036
fig|287.6770.peg.240,pcaD,catD_1,PA14_02840,Beta-ketoadipate enol-lactone hydrolase (EC 3.1.1.24),fig|287.6612.peg.249,fig|287.6618.peg.237,,fig|287.6622.peg.293,fig|287.6624.peg.255,fig|287.6631.peg.252,fig|287.6637.peg.306,fig|287.6620.peg.245
fig|287.6770.peg.3004,,rhmT,PA14_36080,L-lyxonate transporter,fig|287.6612.peg.3103,fig|287.6618.peg.3087,fig|287.6617.peg.2972,,fig|287.6624.peg.5034,,fig|287.6637.peg.2793,fig|287.6620.peg.3665
fig|287.6770.peg.5402,,group_1578,PA14_64510,Uncharacterized protein YhjG,fig|287.6612.peg.5573,fig|287.6618.peg.5590,,fig|287.6622.peg.5373,fig|287.6624.peg.6177,fig|287.6631.peg.5795,fig|287.6637.peg.5694,fig|287.6620.peg.5787
fig|287.6770.peg.3285,,group_4204,PA14_39410,GNAT family acetyltransferase VC2332,fig|287.6612.peg.3397,fig|287.6618.peg.3430,fig|287.6617.peg.3259,,fig|287.6624.peg.4717,fig|287.6631.peg.3412,fig|287.6637.peg.2505,fig|287.6620.peg.3943
fig|287.6770.peg.3138,,kynU,PA14_37610,Kynureninase (EC 3.7.1.3),fig|287.6612.peg.3252,fig|287.6618.peg.3283,fig|287.6617.peg.3114,,fig|287.6624.peg.4862,fig|287.6631.peg.3258,fig|287.6637.peg.2652,fig|287.6620.peg.3798
fig|287.6770.peg.3011,,group_4049,PA14_36170,Tripartite tricarboxylate transporter TctA family,fig|287.6612.peg.3110,fig|287.6618.peg.3146,fig|287.6617.peg.2979,,fig|287.6624.peg.5027,,fig|287.6637.peg.2786,fig|287.6620.peg.3672
fig|287.6770.peg.3005,,nicP_7,PA14_36090,"Outer membrane low permeability porin, OprD family => OccK9/OpdG",fig|287.6612.peg.3104,fig|287.6618.peg.3088,fig|287.6617.peg.2973,,fig|287.6624.peg.5033,,fig|287.6637.peg.2792,fig|287.6620.peg.3666
fig|287.6770.peg.3066,,group_2475,PA14_36790,FIG00956298: hypothetical protein,fig|287.6612.peg.3174,fig|287.6618.peg.3211,fig|287.6617.peg.3037,,fig|287.6624.peg.4938,fig|287.6631.peg.3189,fig|287.6637.peg.2722,fig|287.6620.peg.3730
fig|287.6770.peg.3218,,pcaK_3,PA14_38560,4-hydroxybenzoate transporter,fig|287.6612.peg.3329,fig|287.6618.peg.3362,fig|287.6617.peg.3191,,fig|287.6624.peg.4783,fig|287.6631.peg.3342,fig|287.6637.peg.2573,fig|287.6620.peg.3875
fig|287.6770.peg.4306,cupC1,group_5493,PA14_51470,Fimbrial protein precursor,fig|287.6612.peg.4462,fig|287.6618.peg.4528,fig|287.6617.peg.4309,fig|287.6622.peg.1931,fig|287.6624.peg.3728,fig|287.6631.peg.4476,,fig|287.6620.peg.4972
fig|287.6770.peg.3833,lasR,lasR,PA14_45960,"N-(3-oxododecanoyl)-L-homoserine lactone-binding transcriptional activator @ Acyl-homoserine lactone-binding transcriptional activator, LuxR family @ Transcriptional regulator LasR",fig|287.6612.peg.4091,,fig|287.6617.peg.3954,fig|287.6622.peg.2418,fig|287.6624.peg.4087,fig|287.6631.peg.4101,fig|287.6637.peg.4114,
fig|287.6770.peg.3167,cynS,cynS,PA14_37965,Cyanate hydratase (EC 4.2.1.104),fig|287.6612.peg.3280,fig|287.6618.peg.3313,fig|287.6617.peg.3143,,fig|287.6624.peg.4833,fig|287.6631.peg.3287,fig|287.6637.peg.2623,fig|287.6620.peg.3827
fig|287.6770.peg.3077,,group_4089,PA14_36890,Metallothionein,fig|287.6612.peg.3184,fig|287.6618.peg.3221,fig|287.6617.peg.3047,,fig|287.6624.peg.4928,fig|287.6631.peg.3199,fig|287.6637.peg.2712,fig|287.6620.peg.3740
fig|287.6770.peg.1572,rhlI,anoI,PA14_19130,"N-butanoyl-L-homoserine lactone synthase @ N-acyl-L-homoserine lactone synthase, LuxI family (EC 2.3.1.184)",fig|287.6612.peg.1614,fig|287.6618.peg.1566,fig|287.6617.peg.1560,fig|287.6622.peg.4479,fig|287.6624.peg.1617,fig|287.6631.peg.1631,,fig|287.6620.peg.2057
fig|287.6770.peg.2927,arsR,arsR2,PA14_35130,Arsenical resistance operon repressor,,fig|287.6618.peg.2965,fig|287.6617.peg.2876,fig|287.6622.peg.3109,fig|287.6624.peg.5152,fig|287.6631.peg.3062,fig|287.6637.peg.2884,fig|287.6620.peg.3575
fig|287.6770.peg.2404,,group_1207,PA14_28920,Chaperone protein ClpB (ATP-dependent unfoldase),,fig|287.6618.peg.2436,fig|287.6617.peg.2379,fig|287.6622.peg.3636,fig|287.6624.peg.2579,fig|287.6631.peg.2576,fig|287.6637.peg.3527,fig|287.6620.peg.2956
fig|287.6770.peg.3014,,mltF_4,PA14_36200,"ABC transporter, substrate-binding protein (cluster 3, basic aa/glutamine/opines)",fig|287.6612.peg.3113,fig|287.6618.peg.3149,fig|287.6617.peg.2982,,fig|287.6624.peg.5024,fig|287.6631.peg.787,fig|287.6637.peg.2783,fig|287.6620.peg.3675
fig|287.6770.peg.3053,,glgX,PA14_36630,"Limit dextrin alpha-1,6-maltotetraose-hydrolase (EC 3.2.1.196)",fig|287.6612.peg.3161,fig|287.6618.peg.3198,fig|287.6617.peg.3024,,fig|287.6624.peg.4952,fig|287.6631.peg.3176,fig|287.6637.peg.2735,fig|287.6620.peg.3717
fig|287.6770.peg.5131,,hxuB_2,PA14_61190,Hemolysin activation/secretion protein,fig|287.6612.peg.5277,fig|287.6618.peg.5316,fig|287.6617.peg.5136,fig|287.6622.peg.1073,fig|287.6624.peg.5908,,fig|287.6637.peg.5380,fig|287.6620.peg.1054
fig|287.6770.peg.3223,atoB,phaA,PA14_38630,Acetyl-CoA acetyltransferase (EC 2.3.1.9),fig|287.6612.peg.3334,fig|287.6618.peg.3367,fig|287.6617.peg.3196,,fig|287.6624.peg.4778,fig|287.6631.peg.3347,fig|287.6637.peg.2567,fig|287.6620.peg.3880
fig|287.6770.peg.3288,,group_2524,PA14_39460,Catalase-like heme-binding protein,fig|287.6612.peg.3400,fig|287.6618.peg.3433,fig|287.6617.peg.3262,,fig|287.6624.peg.4714,fig|287.6631.peg.3415,fig|287.6637.peg.2502,fig|287.6620.peg.3946
fig|287.6770.peg.3016,,yecS_2,PA14_36230,"ABC transporter, permease protein (cluster 3, basic aa/glutamine/opines)",fig|287.6612.peg.3115,fig|287.6618.peg.3151,fig|287.6617.peg.2984,,fig|287.6624.peg.5022,fig|287.6631.peg.789,fig|287.6637.peg.2781,fig|287.6620.peg.3677
fig|287.6770.peg.3002,,group_4042,PA14_36060,Uncharacterized protein GguC,fig|287.6612.peg.3101,fig|287.6618.peg.3085,fig|287.6617.peg.2970,,fig|287.6624.peg.5036,,fig|287.6637.peg.2795,fig|287.6620.peg.3663
fig|287.6770.peg.3049,,treZ,PA14_36580,Malto-oligosyltrehalose trehalohydrolase (EC 3.2.1.141),fig|287.6612.peg.3157,fig|287.6618.peg.3194,fig|287.6617.peg.3020,,fig|287.6624.peg.4956,fig|287.6631.peg.3172,fig|287.6637.peg.2739,fig|287.6620.peg.3713
fig|287.6770.peg.3152,,group_4132,PA14_37770,Putative hydrolase,fig|287.6612.peg.3265,fig|287.6618.peg.3297,fig|287.6617.peg.3128,,fig|287.6624.peg.4849,fig|287.6631.peg.3272,fig|287.6637.peg.2638,fig|287.6620.peg.3812
fig|287.6770.peg.3058,,clsB,PA14_36690,"Cardiolipin synthase (EC 2.7.8.-) bacterial type ClsB, has minor trans-phosphatidylation activity converting PE to PG",fig|287.6612.peg.3166,fig|287.6618.peg.3203,fig|287.6617.peg.3029,,fig|287.6624.peg.4947,fig|287.6631.peg.3181,fig|287.6637.peg.2730,fig|287.6620.peg.3722
fig|287.6770.peg.3109,,yjhB_1,PA14_37250,Uncharacterized MFS-type transporter,fig|287.6612.peg.3216,fig|287.6618.peg.3255,fig|287.6617.peg.3078,,fig|287.6624.peg.4896,fig|287.6631.peg.3231,fig|287.6637.peg.2680,fig|287.6620.peg.3771
fig|287.6770.peg.3197,,group_2505,PA14_38320,Sodium/bile acid symporter family,fig|287.6612.peg.3309,fig|287.6618.peg.3341,fig|287.6617.peg.3170,,fig|287.6624.peg.4804,fig|287.6631.peg.3319,fig|287.6637.peg.2594,fig|287.6620.peg.3854
fig|287.6770.peg.1571,rhlR,sdiA,PA14_19120,"N-butanoyl-L-homoserine lactone-binding transcriptional activator @ Acyl-homoserine lactone-binding transcriptional activator, LuxR family @ Transcriptional regulator RhlR",fig|287.6612.peg.1613,fig|287.6618.peg.1565,fig|287.6617.peg.1559,fig|287.6622.peg.4480,fig|287.6624.peg.1616,fig|287.6631.peg.1630,,fig|287.6620.peg.2056
fig|287.6770.peg.2917,,group_1280,PA14_35010,hypothetical protein,,fig|287.6618.peg.2955,fig|287.6617.peg.2866,fig|287.6622.peg.3119,fig|287.6624.peg.5162,fig|287.6631.peg.3052,fig|287.6637.peg.2894,fig|287.6620.peg.3564
fig|287.6770.peg.707,,group_1030,PA14_08460,"putative oxidoreductase, nitronate monooxygenase family",fig|287.6612.peg.688,fig|287.6618.peg.710,fig|287.6617.peg.693,fig|287.6622.peg.761,fig|287.6624.peg.690,fig|287.6631.peg.692,,fig|287.6620.peg.738
fig|287.6770.peg.2926,arsB,arsB,PA14_35110,Arsenite/antimonite:H+ antiporter ArsB,,fig|287.6618.peg.2964,fig|287.6617.peg.2875,fig|287.6622.peg.3110,fig|287.6624.peg.5153,fig|287.6631.peg.3061,fig|287.6637.peg.2885,fig|287.6620.peg.3574
fig|287.6770.peg.914,cupB3,htrE,PA14_11080,hypothetical protein,fig|287.6612.peg.914,fig|287.6618.peg.923,fig|287.6617.peg.898,fig|287.6622.peg.969,fig|287.6624.peg.916,,fig|287.6637.peg.1030,fig|287.6620.peg.951
fig|287.6770.peg.2369,,group_3800,PA14_28560,hypothetical protein,fig|287.6612.peg.2440,fig|287.6618.peg.2407,fig|287.6617.peg.2346,fig|287.6622.peg.3671,fig|287.6624.peg.2493,,fig|287.6637.peg.3591,fig|287.6620.peg.2924
fig|287.6770.peg.2039,,dacB,PA14_24690,D-alanyl-D-alanine carboxypeptidase (EC 3.4.16.4),,fig|287.6618.peg.2012,fig|287.6617.peg.2004,fig|287.6622.peg.4001,fig|287.6624.peg.2126,fig|287.6631.peg.2083,fig|287.6637.peg.3924,fig|287.6620.peg.2594
fig|287.6770.peg.2876,,cmpB,PA14_34520,"ABC transporter, permease protein (cluster 10, nitrate/sulfonate/bicarbonate)",,fig|287.6618.peg.2914,fig|287.6617.peg.2823,fig|287.6622.peg.3159,fig|287.6624.peg.5204,fig|287.6631.peg.3010,fig|287.6637.peg.2937,fig|287.6620.peg.3521
fig|287.6770.peg.2880,,gapN,PA14_34600,"Glyceraldehyde-3-phosphate dehydrogenase, putative",,fig|287.6618.peg.2918,fig|287.6617.peg.2828,fig|287.6622.peg.3155,fig|287.6624.peg.5200,fig|287.6631.peg.3014,fig|287.6637.peg.2933,fig|287.6620.peg.3525
fig|287.6770.peg.3057,,group_4075,PA14_36680,Endonuclease/exonuclease/phosphatase family protein,fig|287.6612.peg.3165,fig|287.6618.peg.3202,fig|287.6617.peg.3028,,fig|287.6624.peg.4948,fig|287.6631.peg.3180,fig|287.6637.peg.2731,fig|287.6620.peg.3721
fig|287.6770.peg.3171,,group_1321,PA14_38020,hypothetical protein,fig|287.6612.peg.3284,fig|287.6618.peg.3317,fig|287.6617.peg.3147,,fig|287.6624.peg.4829,fig|287.6631.peg.3291,fig|287.6637.peg.2619,fig|287.6620.peg.3831
fig|287.6770.peg.3209,gnyD,mmgC_3,PA14_38440,Isovaleryl-CoA dehydrogenase (EC 1.3.8.4),fig|287.6612.peg.3320,fig|287.6618.peg.3353,fig|287.6617.peg.3182,,fig|287.6624.peg.4792,fig|287.6631.peg.3333,fig|287.6637.peg.2582,fig|287.6620.peg.3866
fig|287.6770.peg.2931,,soxR_1,PA14_35170,Redox-sensitive transcriptional activator SoxR,,fig|287.6618.peg.2969,fig|287.6617.peg.2880,fig|287.6622.peg.3105,fig|287.6624.peg.5148,fig|287.6631.peg.3066,fig|287.6637.peg.2880,fig|287.6620.peg.3580
fig|287.6770.peg.3213,gnyL,liuE,PA14_38490,Hydroxymethylglutaryl-CoA lyase (EC 4.1.3.4),fig|287.6612.peg.3324,fig|287.6618.peg.3357,fig|287.6617.peg.3186,,fig|287.6624.peg.4788,fig|287.6631.peg.3337,fig|287.6637.peg.2578,fig|287.6620.peg.3870
fig|287.6770.peg.3217,maiA,nagL_2,PA14_38550,"Maleylacetoacetate isomerase (EC 5.2.1.2) @ Glutathione S-transferase, zeta (EC 2.5.1.18)",fig|287.6612.peg.3328,fig|287.6618.peg.3361,fig|287.6617.peg.3190,,fig|287.6624.peg.4784,fig|287.6631.peg.3341,fig|287.6637.peg.2574,fig|287.6620.peg.3874
fig|287.6770.peg.3041,,group_4066,PA14_36500,Cellulase M and related proteins,fig|287.6612.peg.3148,fig|287.6618.peg.3185,fig|287.6617.peg.3011,,fig|287.6624.peg.4965,fig|287.6631.peg.3163,fig|287.6637.peg.2748,fig|287.6620.peg.3704
fig|287.6770.peg.3068,,group_4082,PA14_36820,Uncharacterized protein YmdF,fig|287.6612.peg.3176,fig|287.6618.peg.3213,fig|287.6617.peg.3039,,fig|287.6624.peg.4936,fig|287.6631.peg.3191,fig|287.6637.peg.2720,fig|287.6620.peg.3732
fig|287.6770.peg.3189,,group_2501,PA14_38220,Siderophore-interacting protein,fig|287.6612.peg.3300,fig|287.6618.peg.3333,fig|287.6617.peg.3162,,fig|287.6624.peg.4813,fig|287.6631.peg.3311,fig|287.6637.peg.2602,fig|287.6620.peg.3846
fig|287.6770.peg.4266,,gabD,PA14_51050,Aldehyde dehydrogenase B (EC 1.2.1.22),fig|287.6612.peg.4423,fig|287.6618.peg.4411,,,fig|287.6624.peg.3767,fig|287.6631.peg.4437,fig|287.6637.peg.4543,fig|287.6620.peg.4933
fig|287.6770.peg.3110,,nicP_8,PA14_37260,"Outer membrane low permeability porin, OprD family => OccK3/OpdO pyroglutamate, cefotaxime uptake",fig|287.6612.peg.3217,fig|287.6618.peg.3256,fig|287.6617.peg.3079,,fig|287.6624.peg.4895,fig|287.6631.peg.3232,fig|287.6637.peg.2679,fig|287.6620.peg.3772
fig|287.6770.peg.3111,,pxpA3_1,PA14_37270,Lactam utilization protein LamB,fig|287.6612.peg.3218,fig|287.6618.peg.3257,fig|287.6617.peg.3080,,fig|287.6624.peg.4894,fig|287.6631.peg.3233,fig|287.6637.peg.2678,fig|287.6620.peg.3773
fig|287.6770.peg.3824,,czcS_2,PA14_45870,Heavy metal sensor histidine kinase,fig|287.6612.peg.4081,fig|287.6618.peg.3968,fig|287.6617.peg.3945,fig|287.6622.peg.2428,fig|287.6624.peg.4096,fig|287.6631.peg.4090,fig|287.6637.peg.4104,
fig|287.6770.peg.3226,,gltC_4,PA14_38680,Transcriptional activator PhbR,fig|287.6612.peg.3337,fig|287.6618.peg.3370,fig|287.6617.peg.3199,,fig|287.6624.peg.4775,fig|287.6631.peg.3350,fig|287.6637.peg.2564,fig|287.6620.peg.3883
fig|287.6770.peg.239,pcaB,pcaB_1,PA14_02830,"3-carboxy-cis,cis-muconate cycloisomerase (EC 5.5.1.2)",fig|287.6612.peg.248,fig|287.6618.peg.236,,fig|287.6622.peg.292,fig|287.6624.peg.254,fig|287.6631.peg.251,fig|287.6637.peg.305,fig|287.6620.peg.244
fig|287.6770.peg.2875,,group_3943,PA14_34510,"ABC transporter, substrate-binding protein (cluster 10, nitrate/sulfonate/bicarbonate)",,fig|287.6618.peg.2913,fig|287.6617.peg.2822,fig|287.6622.peg.3160,fig|287.6624.peg.5205,fig|287.6631.peg.3009,fig|287.6637.peg.2938,fig|287.6620.peg.3520
fig|287.6770.peg.3025,hcnA,hcnA,PA14_36330,Hydrogen cyanide synthase HcnA @ Opine oxidase subunit C,fig|287.6612.peg.3124,fig|287.6618.peg.3160,fig|287.6617.peg.2993,,fig|287.6624.peg.4995,,fig|287.6637.peg.2772,fig|287.6620.peg.3686
fig|287.6770.peg.3144,,group_2493,PA14_37670,FIG00956671: hypothetical protein,fig|287.6612.peg.3257,fig|287.6618.peg.3289,fig|287.6617.peg.3120,,fig|287.6624.peg.4857,fig|287.6631.peg.3264,fig|287.6637.peg.2646,fig|287.6620.peg.3804
fig|287.6770.peg.3192,,group_2502,PA14_38260,hypothetical protein,fig|287.6612.peg.3303,fig|287.6618.peg.3336,fig|287.6617.peg.3165,,fig|287.6624.peg.4810,fig|287.6631.peg.3314,fig|287.6637.peg.2599,fig|287.6620.peg.3849
fig|287.6770.peg.3256,,group_2517,PA14_39070,putative lipoprotein,fig|287.6612.peg.3368,fig|287.6618.peg.3401,fig|287.6617.peg.3231,,fig|287.6624.peg.4745,fig|287.6631.peg.3383,fig|287.6637.peg.2533,fig|287.6620.peg.3914
fig|287.6770.peg.3277,rbsK,rbsK,PA14_39280,Ribokinase (EC 2.7.1.15),fig|287.6612.peg.3389,fig|287.6618.peg.3422,fig|287.6617.peg.3252,,fig|287.6624.peg.4724,fig|287.6631.peg.3404,fig|287.6637.peg.2513,fig|287.6620.peg.3935
fig|287.6770.peg.3037,,group_2467,PA14_36460,hypothetical protein,fig|287.6612.peg.3144,fig|287.6618.peg.3181,fig|287.6617.peg.3007,,fig|287.6624.peg.4969,fig|287.6631.peg.3159,fig|287.6637.peg.2752,fig|287.6620.peg.3700
fig|287.6770.peg.3287,,group_4205,PA14_39440,hypothetical protein,fig|287.6612.peg.3399,fig|287.6618.peg.3432,fig|287.6617.peg.3261,,fig|287.6624.peg.4715,fig|287.6631.peg.3414,fig|287.6637.peg.2503,fig|287.6620.peg.3945
fig|287.6770.peg.3216,fahA,group_2508,PA14_38530,Fumarylacetoacetase (EC 3.7.1.2),fig|287.6612.peg.3327,fig|287.6618.peg.3360,fig|287.6617.peg.3189,,fig|287.6624.peg.4785,fig|287.6631.peg.3340,fig|287.6637.peg.2575,fig|287.6620.peg.3873
fig|287.6770.peg.3768,cysP,sbp_2,PA14_45110,Sulfate-binding protein Sbp,fig|287.6612.peg.4024,fig|287.6618.peg.3912,fig|287.6617.peg.3888,fig|287.6622.peg.2484,fig|287.6624.peg.4152,,fig|287.6637.peg.4048,fig|287.6620.peg.4517
fig|287.6770.peg.3254,braZ,brnQ_1,PA14_39050,Na(+)-dependent branched-chain amino acid transporter,fig|287.6612.peg.3366,fig|287.6618.peg.3399,fig|287.6617.peg.3229,,fig|287.6624.peg.4747,fig|287.6631.peg.3381,fig|287.6637.peg.2535,fig|287.6620.peg.3912
fig|287.6770.peg.3001,,group_4041,PA14_36050,"2,5-dioxovalerate dehydrogenase (EC 1.2.1.26)",fig|287.6612.peg.3100,fig|287.6618.peg.3084,fig|287.6617.peg.2969,,fig|287.6624.peg.5037,,fig|287.6637.peg.2796,fig|287.6620.peg.3662
fig|287.6770.peg.2365,,group_2352,PA14_28520,hypothetical protein,fig|287.6612.peg.2436,fig|287.6618.peg.2403,fig|287.6617.peg.2342,fig|287.6622.peg.3675,fig|287.6624.peg.2489,,fig|287.6637.peg.3595,fig|287.6620.peg.2920
fig|287.6770.peg.1880,,group_2254,PA14_22700,Ferredoxin,fig|287.6612.peg.1961,,fig|287.6617.peg.1844,fig|287.6622.peg.4165,fig|287.6624.peg.1967,fig|287.6631.peg.1923,fig|287.6637.peg.1986,fig|287.6620.peg.2389
fig|287.6770.peg.3034,,yohC_1,PA14_36410,putative membrane protein,fig|287.6612.peg.3141,fig|287.6618.peg.3178,fig|287.6617.peg.3004,,fig|287.6624.peg.4972,fig|287.6631.peg.3156,fig|287.6637.peg.2755,fig|287.6620.peg.3697
fig|287.6770.peg.3036,,group_4064,PA14_36450,Putative NADH-flavin reductase,fig|287.6612.peg.3143,fig|287.6618.peg.3180,fig|287.6617.peg.3006,,fig|287.6624.peg.4970,fig|287.6631.peg.3158,fig|287.6637.peg.2753,fig|287.6620.peg.3699
fig|287.6770.peg.3113,,pxpC_2,PA14_37310,Allophanate hydrolase 2 subunit 2 (EC 3.5.1.54),fig|287.6612.peg.3220,fig|287.6618.peg.3259,fig|287.6617.peg.3082,,fig|287.6624.peg.4892,fig|287.6631.peg.3235,fig|287.6637.peg.2676,fig|287.6620.peg.3775
fig|287.6770.peg.3007,,group_4047,PA14_36110,amidohydrolase 2,fig|287.6612.peg.3106,fig|287.6618.peg.3090,fig|287.6617.peg.2975,,fig|287.6624.peg.5031,,fig|287.6637.peg.2790,fig|287.6620.peg.3668
fig|287.6770.peg.3224,,scoB,PA14_38640,Succinyl-CoA:3-ketoacid-coenzyme A transferase subunit B (EC 2.8.3.5),fig|287.6612.peg.3335,fig|287.6618.peg.3368,fig|287.6617.peg.3197,,fig|287.6624.peg.4777,fig|287.6631.peg.3348,fig|287.6637.peg.2566,fig|287.6620.peg.3881
fig|287.6770.peg.3280,rbsA,araG,PA14_39330,"Ribose ABC transporter, ATP-binding protein RbsA (TC 3.A.1.2.1)",fig|287.6612.peg.3392,fig|287.6618.peg.3425,fig|287.6617.peg.3255,,fig|287.6624.peg.4721,fig|287.6631.peg.3407,fig|287.6637.peg.2510,fig|287.6620.peg.3938
fig|287.6770.peg.3194,,group_2503,PA14_38290,hypothetical protein,fig|287.6612.peg.3306,fig|287.6618.peg.3338,fig|287.6617.peg.3167,,fig|287.6624.peg.4807,fig|287.6631.peg.3316,fig|287.6637.peg.2597,fig|287.6620.peg.3851
fig|287.6770.peg.406,,group_2031,PA14_04840,"Hydrolase, alpha/beta fold family functionally coupled to Phosphoribulokinase",fig|287.6612.peg.397,fig|287.6618.peg.382,fig|287.6617.peg.396,fig|287.6622.peg.459,fig|287.6624.peg.400,fig|287.6631.peg.401,fig|287.6637.peg.483,
fig|287.6770.peg.2526,,yqjG,PA14_30350,"Glutathione S-transferase, omega (EC 2.5.1.18)",,fig|287.6618.peg.2557,fig|287.6617.peg.2501,fig|287.6622.peg.3513,fig|287.6624.peg.2699,fig|287.6631.peg.2697,fig|287.6637.peg.3407,fig|287.6620.peg.3076
fig|287.6770.peg.2060,,group_1928,PA14_24920,"Transcriptional regulator, AraC family",fig|287.6612.peg.2139,fig|287.6618.peg.2033,fig|287.6617.peg.2025,fig|287.6622.peg.3980,fig|287.6624.peg.2146,fig|287.6631.peg.2114,,fig|287.6620.peg.2614
fig|287.6770.peg.3070,,group_4084,PA14_36830,hypothetical protein,fig|287.6612.peg.3178,fig|287.6618.peg.3215,fig|287.6617.peg.3041,,fig|287.6624.peg.4934,fig|287.6631.peg.3193,fig|287.6637.peg.2718,fig|287.6620.peg.3734
fig|287.6770.peg.1654,,cmpR_1,PA14_20130,"Transcriptional regulator PA3398, LysR family",,fig|287.6618.peg.1648,fig|287.6617.peg.1642,fig|287.6622.peg.4394,fig|287.6624.peg.1700,fig|287.6631.peg.1713,fig|287.6637.peg.1783,fig|287.6620.peg.2139
fig|287.6770.peg.3027,,clpP_2,PA14_36350,Protease subunit of ATP-dependent Clp proteases,fig|287.6612.peg.3129,fig|287.6618.peg.3165,fig|287.6617.peg.2997,,fig|287.6624.peg.5010,,fig|287.6637.peg.2767,fig|287.6620.peg.3690
fig|287.6770.peg.1187,,group_2143,PA14_14450,hypothetical protein,fig|287.6612.peg.1200,fig|287.6618.peg.1209,fig|287.6617.peg.1206,,fig|287.6624.peg.1267,fig|287.6631.peg.1216,fig|287.6637.peg.1288,fig|287.6620.peg.5300
fig|287.6770.peg.3040,,group_4065,PA14_36490,hypothetical protein,fig|287.6612.peg.3147,fig|287.6618.peg.3184,fig|287.6617.peg.3010,,fig|287.6624.peg.4966,fig|287.6631.peg.3162,fig|287.6637.peg.2749,fig|287.6620.peg.3703
fig|287.6770.peg.3098,,leuO,PA14_37140,"Transcriptional regulator, LysR family",fig|287.6612.peg.3206,fig|287.6618.peg.3243,fig|287.6617.peg.3068,,fig|287.6624.peg.4906,fig|287.6631.peg.3220,fig|287.6637.peg.2691,fig|287.6620.peg.3761
fig|287.6770.peg.3103,ada,ada_2,PA14_37190,Methylphosphotriester-DNA--protein-cysteine S-methyltransferase (EC 2.1.1.n11) / ADA regulatory protein / Methylated-DNA--protein-cysteine methyltransferase (EC 2.1.1.63),fig|287.6612.peg.3211,fig|287.6618.peg.3249,fig|287.6617.peg.3073,,fig|287.6624.peg.4901,fig|287.6631.peg.3226,fig|287.6637.peg.2686,fig|287.6620.peg.3766
fig|287.6770.peg.2844,,group_689,PA14_34130,T6SS component TssM (IcmF/VasK),fig|287.6612.peg.2922,fig|287.6618.peg.2878,,fig|287.6622.peg.3191,fig|287.6624.peg.5240,fig|287.6631.peg.2975,fig|287.6637.peg.2972,fig|287.6620.peg.3485
fig|287.6770.peg.2021,pelA,group_1169,PA14_24480,"Pellicle/biofilm biosynthesis protein PelA, glycosyl hydrolase/deacetylase",fig|287.6612.peg.2101,fig|287.6618.peg.1995,,fig|287.6622.peg.4019,fig|287.6624.peg.2108,fig|287.6631.peg.2066,fig|287.6637.peg.3942,fig|287.6620.peg.2530
fig|287.6770.peg.3050,,malQ,PA14_36590,4-alpha-glucanotransferase (amylomaltase) (EC 2.4.1.25),fig|287.6612.peg.3158,fig|287.6618.peg.3195,fig|287.6617.peg.3021,,fig|287.6624.peg.4955,fig|287.6631.peg.3173,fig|287.6637.peg.2738,fig|287.6620.peg.3714
fig|287.6770.peg.3261,,group_2520,PA14_39110,hypothetical protein,fig|287.6612.peg.3373,fig|287.6618.peg.3405,fig|287.6617.peg.3235,,fig|287.6624.peg.4740,fig|287.6631.peg.3388,fig|287.6637.peg.2529,fig|287.6620.peg.3918
fig|287.6770.peg.1546,,group_634,PA14_18810,3-oxoacyl-[acyl-carrier-protein] synthase (EC 2.3.1.41),fig|287.6612.peg.1592,fig|287.6618.peg.1544,fig|287.6617.peg.1538,fig|287.6622.peg.4507,fig|287.6624.peg.1595,,fig|287.6637.peg.1680,fig|287.6620.peg.2035
fig|287.6770.peg.3038,,group_2468,PA14_36470,hypothetical protein,fig|287.6612.peg.3145,fig|287.6618.peg.3182,fig|287.6617.peg.3008,,fig|287.6624.peg.4968,fig|287.6631.peg.3160,fig|287.6637.peg.2751,fig|287.6620.peg.3701
fig|287.6770.peg.3112,,pxpB_2,PA14_37290,Allophanate hydrolase 2 subunit 1 (EC 3.5.1.54),fig|287.6612.peg.3219,fig|287.6618.peg.3258,fig|287.6617.peg.3081,,fig|287.6624.peg.4893,fig|287.6631.peg.3234,fig|287.6637.peg.2677,fig|287.6620.peg.3774
fig|287.6770.peg.5702,,dctB_2,PA14_68230,Signal transduction histidine kinase regulating C4-dicarboxylate transport system,fig|287.6612.peg.5872,fig|287.6618.peg.5907,,fig|287.6622.peg.5674,fig|287.6624.peg.6592,fig|287.6631.peg.6101,fig|287.6637.peg.6003,fig|287.6620.peg.6089
fig|287.6770.peg.3024,hcnB,hcnB_1,PA14_36320,Hydrogen cyanide synthase HcnB @ Opine oxidase subunit A,fig|287.6612.peg.3123,fig|287.6618.peg.3159,fig|287.6617.peg.2992,,fig|287.6624.peg.4994,,fig|287.6637.peg.2773,fig|287.6620.peg.3685
fig|287.6770.peg.3233,,group_4176,PA14_38770,Prolyl oligopeptidase family protein,fig|287.6612.peg.3345,fig|287.6618.peg.3378,fig|287.6617.peg.3207,,fig|287.6624.peg.4767,fig|287.6631.peg.3358,fig|287.6637.peg.2556,fig|287.6620.peg.3891
fig|287.6770.peg.3176,,group_4145,PA14_38080,"Transglutaminase-like enzymes, putative cysteine proteases",fig|287.6612.peg.3290,fig|287.6618.peg.3324,fig|287.6617.peg.3153,,fig|287.6624.peg.4823,fig|287.6631.peg.3297,fig|287.6637.peg.2613,fig|287.6620.peg.3837
fig|287.6770.peg.4688,pctA,pctA,PA14_56000,Methyl-accepting chemotaxis sensor/transducer protein,fig|287.6612.peg.4840,fig|287.6618.peg.4872,,fig|287.6622.peg.1544,fig|287.6624.peg.3235,fig|287.6631.peg.5058,fig|287.6637.peg.5046,fig|287.6620.peg.1385
fig|287.6770.peg.3198,gor,garB,PA14_38330,Glutathione reductase (EC 1.8.1.7),fig|287.6612.peg.3310,fig|287.6618.peg.3342,fig|287.6617.peg.3171,,fig|287.6624.peg.4803,fig|287.6631.peg.3320,fig|287.6637.peg.2593,fig|287.6620.peg.3855
fig|287.6770.peg.3221,bdhA,bdhA,PA14_38590,3-hydroxybutyrate dehydrogenase (EC 1.1.1.30),fig|287.6612.peg.3332,fig|287.6618.peg.3365,fig|287.6617.peg.3194,,fig|287.6624.peg.4780,fig|287.6631.peg.3345,fig|287.6637.peg.2570,fig|287.6620.peg.3878
fig|287.6770.peg.2480,,group_2367,PA14_29750,hypothetical protein,fig|287.6612.peg.2548,fig|287.6618.peg.2511,fig|287.6617.peg.2455,fig|287.6622.peg.3559,fig|287.6624.peg.2652,,fig|287.6637.peg.3454,fig|287.6620.peg.3030
fig|287.6770.peg.5229,,phzF_3,PA14_62410,Phenazine biosynthesis protein PhzF like,fig|287.6612.peg.5404,fig|287.6618.peg.5413,fig|287.6617.peg.5260,fig|287.6622.peg.5200,fig|287.6624.peg.6008,fig|287.6631.peg.5624,,fig|287.6620.peg.5617
fig|287.6770.peg.5877,rph,rph,PA14_70420,Ribonuclease PH (EC 2.7.7.56),fig|287.6612.peg.6078,fig|287.6618.peg.6085,fig|287.6617.peg.5906,fig|287.6622.peg.5849,,fig|287.6631.peg.6278,fig|287.6637.peg.6179,fig|287.6620.peg.6264
fig|287.6770.peg.3083,,group_4093,PA14_36960,Putative transporter,fig|287.6612.peg.3190,fig|287.6618.peg.3227,fig|287.6617.peg.3053,,fig|287.6624.peg.4922,fig|287.6631.peg.3205,fig|287.6637.peg.2706,fig|287.6620.peg.3746
fig|287.6770.peg.2835,,group_686,PA14_34000,T6SS component TssG (ImpH/VasB),fig|287.6612.peg.2913,fig|287.6618.peg.2869,fig|287.6617.peg.2778,fig|287.6622.peg.3200,fig|287.6624.peg.5249,fig|287.6631.peg.2966,,fig|287.6620.peg.3476
fig|287.6770.peg.3199,,group_2506,PA14_38340,Putative ring-cleaving dioxygenase,fig|287.6612.peg.3311,fig|287.6618.peg.3343,fig|287.6617.peg.3172,,fig|287.6624.peg.4802,fig|287.6631.peg.3321,fig|287.6637.peg.2592,fig|287.6620.peg.3856
fig|287.6770.peg.2877,,dmoA_2,PA14_34540,"Coenzyme F420-dependent N5,N10-methylene tetrahydromethanopterin reductase and related flavin-dependent oxidoreductases",,fig|287.6618.peg.2915,fig|287.6617.peg.2825,fig|287.6622.peg.3158,fig|287.6624.peg.5203,fig|287.6631.peg.3011,fig|287.6637.peg.2936,fig|287.6620.peg.3522
fig|287.6770.peg.3284,,group_4203,PA14_39390,Ribosomal protein S6 modification protein-related protein,fig|287.6612.peg.3396,fig|287.6618.peg.3429,fig|287.6617.peg.3258,,fig|287.6624.peg.4718,fig|287.6631.peg.3411,fig|287.6637.peg.2506,fig|287.6620.peg.3942
fig|287.6770.peg.3179,,sstT,PA14_38110,Serine/threonine:Na+ symporter SstT,fig|287.6612.peg.3293,fig|287.6618.peg.3326,fig|287.6617.peg.3155,,fig|287.6624.peg.4820,fig|287.6631.peg.3300,fig|287.6637.peg.2610,fig|287.6620.peg.3839
fig|287.6770.peg.3045,,group_2471,PA14_36550,Biotin carboxylase (EC 6.3.4.14),fig|287.6612.peg.3153,fig|287.6618.peg.3190,fig|287.6617.peg.3016,,fig|287.6624.peg.4960,fig|287.6631.peg.3168,fig|287.6637.peg.2743,fig|287.6620.peg.3709
fig|287.6770.peg.3023,hcnC,hcnC_1,PA14_36310,Hydrogen cyanide synthase HcnC @ Opine oxidase subunit B,fig|287.6612.peg.3122,fig|287.6618.peg.3158,fig|287.6617.peg.2991,,fig|287.6624.peg.4993,,fig|287.6637.peg.2774,fig|287.6620.peg.3684
fig|287.6770.peg.3229,,group_4172,PA14_38710,hypothetical protein,fig|287.6612.peg.3340,fig|287.6618.peg.3373,fig|287.6617.peg.3202,,fig|287.6624.peg.4772,fig|287.6631.peg.3353,fig|287.6637.peg.2561,fig|287.6620.peg.3886
fig|287.6770.peg.5875,crc,exoA,PA14_70390,Exodeoxyribonuclease III (EC 3.1.11.2),fig|287.6612.peg.6076,fig|287.6618.peg.6083,fig|287.6617.peg.5904,fig|287.6622.peg.5847,,fig|287.6631.peg.6276,fig|287.6637.peg.6177,fig|287.6620.peg.6262
fig|287.6770.peg.3139,,aroP_2,PA14_37630,Uncharacterized amino acid permease YtnA,fig|287.6612.peg.3253,fig|287.6618.peg.3284,fig|287.6617.peg.3115,,fig|287.6624.peg.4861,fig|287.6631.peg.3259,fig|287.6637.peg.2651,fig|287.6620.peg.3799
fig|287.6770.peg.2932,pbpC,pbpC,PA14_35190,Cell division protein FtsI [Peptidoglycan synthetase] (EC 2.4.1.129),,fig|287.6618.peg.2970,fig|287.6617.peg.2881,fig|287.6622.peg.3104,fig|287.6624.peg.5147,fig|287.6631.peg.3067,fig|287.6637.peg.2879,fig|287.6620.peg.3581
fig|287.6770.peg.4309,,group_2671,PA14_51500,hypothetical protein,fig|287.6612.peg.4465,fig|287.6618.peg.4531,fig|287.6617.peg.4312,fig|287.6622.peg.1928,fig|287.6624.peg.3725,fig|287.6631.peg.4479,,fig|287.6620.peg.4975
fig|287.6770.peg.79,,macB_1,PA14_00860,"ABC transporter, ATP-binding protein",,fig|287.6618.peg.78,fig|287.6617.peg.79,fig|287.6622.peg.80,fig|287.6624.peg.95,fig|287.6631.peg.85,fig|287.6637.peg.139,fig|287.6620.peg.78
fig|287.6770.peg.1945,,group_2261,PA14_23480,DNA uptake protein and related DNA-binding proteins,fig|287.6612.peg.2023,fig|287.6618.peg.1917,,fig|287.6622.peg.4095,fig|287.6624.peg.2030,fig|287.6631.peg.1988,fig|287.6637.peg.4020,fig|287.6620.peg.2452
fig|287.6770.peg.3064,,group_4080,PA14_36770,hypothetical protein,fig|287.6612.peg.3172,fig|287.6618.peg.3209,fig|287.6617.peg.3035,,fig|287.6624.peg.4940,fig|287.6631.peg.3187,fig|287.6637.peg.2724,fig|287.6620.peg.3728
fig|287.6770.peg.5364,,cheB_4,PA14_64050,Two-component system response regulator protein,fig|287.6612.peg.5536,fig|287.6618.peg.5553,,fig|287.6622.peg.5335,fig|287.6624.peg.6140,fig|287.6631.peg.5758,fig|287.6637.peg.5657,fig|287.6620.peg.5750
fig|287.6770.peg.5951,,group_4461,PA14_71380,hypothetical protein,fig|287.6612.peg.6152,fig|287.6618.peg.6160,fig|287.6617.peg.5982,fig|287.6622.peg.5923,fig|287.6624.peg.6872,fig|287.6631.peg.6408,,fig|287.6620.peg.6340
fig|287.6770.peg.605,,group_3398,PA14_07260,SAM-dependent methyltransferase,fig|287.6612.peg.597,fig|287.6618.peg.623,fig|287.6617.peg.599,fig|287.6622.peg.658,fig|287.6624.peg.601,fig|287.6631.peg.604,fig|287.6637.peg.687,
fig|287.6770.peg.3072,,group_2476,PA14_36850,hypothetical protein,fig|287.6612.peg.3180,fig|287.6618.peg.3217,fig|287.6617.peg.3043,,fig|287.6624.peg.4932,fig|287.6631.peg.3195,fig|287.6637.peg.2716,fig|287.6620.peg.3736
fig|287.6770.peg.3263,,ybiT,PA14_39130,Bis-ABC ATPase YbiT,fig|287.6612.peg.3374,fig|287.6618.peg.3407,fig|287.6617.peg.3237,,fig|287.6624.peg.4739,fig|287.6631.peg.3389,fig|287.6637.peg.2528,fig|287.6620.peg.3920
fig|287.6770.peg.3116,,group_2485,PA14_37350,Uncharacterized cysteine-rich DUF326 protein bsYhjQ/STM1261,fig|287.6612.peg.3223,fig|287.6618.peg.3262,fig|287.6617.peg.3085,,fig|287.6624.peg.4889,fig|287.6631.peg.3238,fig|287.6637.peg.2673,fig|287.6620.peg.3778
